#{"t_start": 1760637054.371827, "env_id": "None"}
r,l,t
0.100000024,190,7.535248
3.1,139,10.513558
1.0999998,195,13.816136
1.0999999,95,15.934562
2.1,195,19.269987
0.10000007,195,22.374135
2.1,155,25.201452
-0.8999999,84,27.217735
2.0999997,203,30.633057
0.09999997,115,32.842525
3.0999997,177,35.757455
3.1,190,36.444828
0.100000024,214,149.278162
2.0999997,199,153.082044
-0.9,147,155.91188
1.1000001,136,156.462363
2.1,175,161.131114
2.1,153,164.65688
2.0999997,156,167.405538
1.0999999,172,170.64393
0.10000002,155,173.535224
2.0999997,210,177.068588
-0.9,58,178.851478
2.0999997,155,182.027692
0.10000001,223,185.91403
2.1,157,292.109039
0.099999994,158,294.867174
1.0999998,166,297.562443
3.0999997,168,298.218624
0.10000013,147,300.577618
3.1,244,304.335186
4.100001,168,307.370234
1.0999999,104,309.331295
3.1000001,154,311.890339
2.1,175,315.110031
0.10000007,115,318.541294
2.1,151,321.584843
0.10000007,191,431.061994
2.1,163,433.985483
4.100001,214,437.174786
2.0999997,167,438.520956
2.1,248,442.130594
2.1,172,444.755686
2.0999997,141,447.367324
3.1,228,450.949135
2.0999997,195,454.329622
2.1,145,457.042713
1.0999999,155,459.952659
2.1,213,566.668291
3.1,228,570.345498
2.1,160,573.236133
2.1,116,575.636954
2.0999997,201,578.951137
2.0999997,202,582.320761
6.1000004,280,586.653811
3.0999994,192,589.575597
2.1,134,592.258428
2.1,172,595.097112
4.1,215,598.428644
2.1,164,701.526377
3.0999997,168,704.807133
3.0999997,174,707.802562
2.1,253,711.857752
2.1,175,714.841502
0.10000003,173,717.626691
4.1,199,720.928121
1.0999999,142,723.660084
2.0999997,192,726.814198
-0.90000004,37,728.425881
2.1,200,731.605397
3.1,162,735.196046
1.0999998,181,836.231193
3.1,278,840.687439
-0.90000004,163,843.376589
2.1,151,846.113696
3.1,215,849.431153
1.1,168,852.330699
0.10000013,139,854.984821
2.0999997,150,857.624156
3.0999997,162,860.61452
2.1,166,863.369748
4.099999,212,866.829622
2.1,79,868.706068
3.0999997,175,971.9344
1.0999999,42,973.437742
2.1,141,975.990065
3.0999992,203,979.319327
0.10000007,154,982.105709
3.1000004,360,987.215546
4.1000004,156,989.927247
1.0999998,99,992.333232
2.1,151,995.035855
3.1,153,998.014546
0.10000006,169,1000.912739
6.1000004,139,1003.59161
1.0999998,243,1111.124098
3.1,224,1113.801658
3.0999997,225,1117.489283
2.0999997,151,1120.337631
2.0999997,95,1122.547571
3.1,205,1125.878221
2.0999997,156,1128.947029
3.0999997,163,1132.214838
2.0999994,188,1135.356599
3.1,187,1138.665566
3.0999997,234,1142.631793
1.0999998,151,1145.39814
1.0999998,206,1260.807033
1.0999999,195,1264.836378
1.0999999,164,1267.862215
2.0999997,173,1271.849149
2.1,206,1275.447147
2.1,205,1279.147517
-0.9,84,1280.044976
3.1,107,1283.209561
1.0999999,163,1287.297072
5.100001,169,1291.088307
4.100001,221,1295.135501
4.100001,192,1300.208366
1.0999999,148,1413.637281
2.1,154,1416.638232
3.1,163,1419.877357
1.0999999,167,1422.866977
2.1000006,368,1428.142471
5.1,171,1431.353786
3.1,177,1434.680368
6.100001,209,1437.172201
4.100001,211,1440.804087
5.1000004,244,1444.527336
3.1,166,1545.292808
2.0999997,179,1549.280123
3.0999997,156,1552.207501
2.0999997,219,1555.774309
5.100001,302,1558.741472
4.1000004,234,1562.577917
1.0999998,152,1565.73616
2.0999997,188,1569.496735
3.0999997,185,1572.708889
3.0999997,171,1575.86221
2.0999997,170,1679.806198
2.1,205,1682.059722
4.100001,200,1685.365102
1.0999999,143,1687.952827
2.1,183,1691.374298
3.1000004,404,1697.06271
2.0999997,131,1699.521551
4.1000004,157,1702.727562
1.0999999,137,1705.368003
5.100001,437,1711.496403
2.0999994,129,1810.699734
2.1,149,1813.415701
3.0999997,176,1816.433846
5.100001,199,1819.882009
1.0999998,59,1821.781971
5.1000004,177,1824.51958
3.0999997,171,1827.550682
3.1,142,1830.213519
3.1,254,1834.029954
3.0999997,226,1836.265378
4.1,125,1838.473398
4.1000004,230,1842.244668
3.1,158,1971.791737
2.0999997,158,1974.759877
3.1,297,1979.883014
3.0999997,214,1985.455725
1.0999998,183,1988.989617
6.100001,155,1990.465243
3.0999997,187,1994.983779
2.0999997,177,1998.391108
2.0999997,227,2002.808174
3.1,150,2006.289092
-0.90000004,38,2008.111171
4.100001,285,2116.675524
5.1,189,2119.779573
3.0999997,157,2122.542472
3.0999997,186,2125.782833
1.0999998,178,2128.94964
4.100001,202,2132.367863
2.0999997,178,2135.778134
1.0999998,170,2139.239149
3.0999997,168,2142.553889
0.100000046,138,2145.323143
4.1000004,170,2150.005987
4.100001,420,2266.801493
0.10000007,44,2268.405728
4.100001,216,2272.5836
2.1,160,2273.713773
2.1,150,2276.774188
4.1000004,146,2280.208112
1.0999998,168,2283.766456
1.0999998,209,2287.631567
1.0999999,148,2291.03973
2.1,225,2295.569595
3.1,174,2299.131217
1.0999998,182,2409.79746
4.100001,202,2413.66206
3.0999997,90,2416.571545
5.100001,175,2421.091069
3.099999,194,2425.360101
3.1,68,2425.813858
4.1,166,2428.793302
4.1000004,319,2433.638714
3.1,146,2436.514678
0.10000009,126,2438.981816
3.0999997,187,2442.455366
2.1,165,2445.465972
1.0999999,130,2448.006136
3.1,167,2553.405042
4.100001,193,2559.767875
2.0999994,196,2563.596467
3.0999997,151,2566.264046
2.0999997,69,2568.408163
4.1000004,182,2571.832212
3.1,189,2575.075747
5.100001,183,2578.409834
0.100000024,34,2578.419146
1.1,125,2581.641014
5.1000004,209,2586.422329
5.100001,223,2591.86373
1.1,177,2699.548238
1.0999999,205,2701.835672
2.0999997,210,2705.565774
4.100001,180,2711.495945
1.1,172,2715.11108
2.1,162,2719.545424
1.0999998,244,2724.812875
4.1000004,196,2730.003932
1.0999998,240,2733.063805
0.100000046,146,2736.012071
2.1,153,2738.865393
5.1000004,184,2845.68878
3.1,186,2848.810056
3.0999997,223,2852.73177
3.1,233,2854.467354
3.0999997,168,2857.527041
3.0999994,121,2860.498238
5.100001,293,2865.523671
5.100001,140,2868.225573
4.1000004,160,2871.451792
2.1,146,2874.098843
0.10000001,42,2875.903209
3.1,177,2879.063991
3.1,233,5924.218737
3.1,284,5930.1555
4.100001,148,5933.84829
2.0999997,155,5938.089316
5.100001,249,5943.497237
4.1000004,173,5947.998635
3.1,177,5952.163822
4.100001,150,5955.922415
5.100001,122,5959.172738
3.1,197,5963.587314
4.100001,324,6093.852968
0.100000024,101,6096.896941
3.0999997,104,6100.33041
2.1,169,6104.289902
3.1,214,6109.547959
5.100001,163,6113.210494
4.100001,161,6121.369849
4.1000004,165,6125.669325
3.1,227,6130.594534
3.1,174,6135.693588
0.10000004,95,6138.590827
3.0999994,179,6142.761491
2.0999997,209,6145.624624
3.1000001,138,6270.04807
1.0999998,152,6274.069193
4.100001,161,6278.361012
6.100001,208,6283.257922
2.1,165,6287.2037
2.0999997,225,6292.487036
4.1000004,195,6297.730639
3.1,167,6301.588542
2.1,251,6306.523428
3.1,151,6310.078297
2.1,141,6313.345599
4.100001,186,6444.479825
2.0999997,203,6449.355312
5.100001,186,6453.881256
3.1,175,6458.562929
2.1,239,6464.231949
-0.9,40,6466.632211
2.1,181,6469.533657
4.1000004,188,6473.965998
5.100001,192,6478.612483
-0.9,52,6481.206601
3.0999997,154,6485.008659
4.1,223,6490.51392
4.100001,186,6615.948114
2.1,150,6620.104929
4.1000004,200,6623.205523
2.1,330,6630.298145
3.1,434,6639.073054
3.0999997,159,6643.85576
4.100001,187,6648.761266
3.0999997,193,6653.272074
4.100001,248,6657.02232
5.100001,165,6780.225839
2.0999997,195,6784.789554
1.1,210,6789.787008
4.1000004,146,6793.519557
4.1000004,204,6798.347002
4.100001,187,6802.993128
3.0999997,179,6807.509417
1.0999998,225,6812.592784
1.0999999,174,6816.989233
2.1000001,161,6820.921976
6.1000004,161,6822.439069
3.0999997,196,6948.667771
2.1,149,6952.428591
2.1,142,6955.73814
2.0999997,146,6959.728597
2.1,203,6964.223408
1.0999999,164,6968.108514
4.1000004,160,6972.002519
3.1,179,6976.36063
3.0999997,212,6981.375385
3.0999997,190,6985.803189
1.0999999,194,6990.534141
2.0999997,191,6994.552907
4.1000004,149,7115.68555
0.10000004,201,7120.241424
4.1000004,166,7124.208828
3.0999994,93,7127.057983
3.0999997,139,7130.682533
5.1000004,248,7135.821256
2.1,182,7140.485512
3.1,156,7144.342338
1.0999999,184,7148.374658
2.1000001,255,7153.710114
1.1,114,7156.679261
3.1,150,7160.689
4.1000004,155,7290.566478
3.0999997,169,7296.359926
3.1,153,7300.826077
3.0999997,158,7304.603625
1.1,194,7310.914131
5.1000004,150,7314.830403
5.1000004,195,7319.562714
1.0999998,183,7326.476018
1.0999998,282,7334.617074
4.100001,198,7342.194838
3.1,159,7347.562778
5.1000004,190,7470.536174
1.0999999,50,7472.862578
1.0999998,347,7479.153726
2.0999997,118,7482.320333
4.1000004,187,7486.553766
4.100001,204,7491.019467
0.100000024,40,7492.950916
-0.9,32,7494.785211
1.0999998,180,7498.888647
5.100001,167,7502.715268
2.1,42,7504.93065
5.100001,163,7508.841652
-0.9,40,7510.796722
6.100001,215,7515.838552
0.10000006,334,7639.782982
3.1,144,7643.244321
5.1000004,222,7647.998566
5.100001,229,7652.722811
2.0999997,140,7656.12081
2.0999992,140,7659.471788
4.100001,170,7663.511
1.0999998,184,7667.651532
4.1000004,130,7670.888365
1.0999998,371,7680.674083
3.0999997,184,7685.849797
0.10000007,202,7809.617915
3.1,187,7813.694181
1.0999999,32,7815.65085
1.0999999,164,7819.547738
4.1000004,173,7823.409401
3.1,147,7826.722983
2.0999997,145,7830.278763
4.100001,205,7834.68389
1.1,38,7836.634153
4.1000004,181,7840.721735
2.0999997,165,7844.470834
4.100001,179,7848.494306
2.0999997,193,7852.645687
2.0999997,164,7976.963247
3.1,152,7980.77076
4.100001,58,7983.190675
1.0999998,142,7986.685413
3.1,169,7990.957991
3.0999994,164,7994.906354
2.1,225,7999.699378
4.1000004,138,8003.194754
5.100001,153,8006.875124
4.1,172,8011.172972
4.1000004,142,8014.703132
2.0999997,145,8018.282797
4.1000004,158,8022.225418
4.1000004,175,8143.421
-0.9,43,8145.511091
5.100001,175,8149.904101
4.100001,151,8153.378395
1.0999998,195,8157.688503
4.100001,383,8165.069469
2.1,216,8170.145012
5.100001,180,8174.330348
6.1000004,215,8179.077775
2.1,149,8182.6169
4.100001,186,8187.544547
5.1000004,194,8314.334206
5.100001,235,8319.570904
3.0999997,150,8323.32965
3.0999997,154,8327.24178
2.0999997,154,8331.26719
2.1,164,8335.203539
4.1000004,186,8339.508047
3.1,61,8341.776242
5.1000004,176,8346.014971
2.0999997,141,8349.797074
3.0999992,192,8354.031702
3.0999997,230,8358.978492
3.0999997,211,8484.344244
3.0999997,168,8488.24744
5.1000004,172,8492.353095
3.0999997,231,8497.245705
0.10000001,40,8499.766452
1.1,31,8501.781741
4.100001,291,8507.902918
3.0999997,154,8511.857467
6.100001,429,8519.750331
5.100001,289,8525.430331
2.1,72,8528.100714
5.100001,155,8652.897475
5.1000004,143,8656.55062
5.100001,227,8661.731084
3.1,295,8668.150535
4.1000004,191,8672.792759
4.100001,186,8676.97121
5.100001,286,8683.051975
0.100000024,45,8685.219857
4.100001,190,8689.845752
0.10000007,167,8693.857094
4.100001,175,8698.055746
0.10000004,182,8822.180813
6.100001,178,8826.422742
5.100001,403,8835.08161
3.0999994,151,8838.873784
5.1000004,173,8843.014791
4.1000004,193,8847.449209
5.100001,243,8852.587711
2.1,150,8856.31432
6.100001,190,8860.692101
4.100001,163,8864.559668
2.0999997,177,8987.379162
2.1,64,8989.843282
2.0999997,143,8993.486177
4.1000004,139,8997.122173
5.100001,173,9001.281371
5.1000004,157,9005.95381
0.10000004,27,9007.864565
4.1000004,220,9013.631918
3.1,189,9017.806501
3.1,165,9021.847805
1.0999998,182,9026.353613
4.100001,177,9031.448547
4.1000004,155,9035.098898
4.100001,183,9144.356677
3.0999997,174,9147.662945
4.100001,247,9151.398432
2.1,160,9154.38591
4.100001,177,9157.399572
4.1000004,270,9161.291855
4.100001,212,9164.511843
3.0999997,151,9167.736695
3.0999997,143,9170.379942
4.1,165,9173.315254
1.0999998,92,9175.356708
1.0999998,382,9278.793894
5.1000004,161,9281.572855
1.0999999,33,9283.327321
2.0999997,178,9286.169067
4.100001,164,9289.16994
2.1,181,9292.205364
4.1,202,9295.467272
2.1,150,9297.957474
1.0999999,155,9300.909479
2.0999997,106,9303.080009
6.100001,189,9306.131924
6.100001,232,9309.947507
0.100000024,224,9414.725594
4.100001,197,9418.047618
2.0999994,221,9421.688659
3.0999997,167,9424.902811
3.1,164,9432.439713
3.0999997,163,9438.362531
2.1,221,9443.108786
2.0999997,190,9447.281504
0.100000024,34,9449.24384
5.1000004,176,9454.532803
7.100001,216,9458.070064
4.100001,187,9461.260763
3.0999994,173,9563.725843
3.1,189,9566.877104
5.1000004,131,9569.333557
5.100001,153,9572.133996
4.100001,174,9575.167202
5.1000004,143,9577.652538
7.100001,188,9580.892503
2.0999997,164,9583.749878
5.1000004,193,9586.922164
4.1000004,202,9590.384392
4.100001,165,9593.182067
3.0999997,182,9596.244486
4.100001,172,9700.465354
1.0999998,149,9703.364176
4.1,174,9706.41551
4.1000004,173,9709.738603
2.1000004,285,9713.933925
5.1000004,266,9717.876137
2.1000009,392,9723.553113
0.100000024,143,9726.104293
5.1000004,174,9729.193468
5.100001,182,9833.132996
0.10000007,169,9836.060088
5.1000004,172,9838.862331
-0.9,36,9840.414137
0.10000001,141,9843.098172
0.100000024,196,9846.6302
3.1,279,9850.764071
3.0999997,207,9854.044395
3.0999997,169,9856.968487
5.1000004,188,9860.053957
5.100001,184,9863.128415
5.1000004,173,9866.121456
1.0999999,40,9867.647032
5.100001,275,9971.628069
0.10000002,43,9973.178987
1.0999999,153,9976.093036
2.1,185,9979.191169
5.1000004,137,9982.32271
6.1000004,207,9985.712436
4.1000004,203,9988.878591
4.1000004,206,9992.371587
3.1,171,9995.299033
4.100001,179,9998.136368
3.0999997,180,10001.349818
5.100001,228,10106.011023
3.0999997,138,10108.651862
3.0999997,225,10112.351654
1.0999999,49,10113.943812
2.0999997,56,10115.589299
5.100001,155,10118.240287
4.1000004,182,10121.481235
1.0999998,157,10124.325336
2.0999994,104,10126.442549
1.0999998,150,10130.160983
3.0999997,185,10133.206598
5.100001,179,10136.176962
6.1,167,10138.992523
0.10000007,189,10142.355638
4.1000004,173,10244.270698
2.1,158,10247.145966
4.100001,257,10250.928441
3.0999997,173,10254.163449
4.1,151,10256.692757
3.1,170,10259.79749
5.100001,120,10262.177826
4.100001,158,10265.125445
3.1,163,10267.993529
1.0999999,178,10270.978419
3.1,276,10275.018784
2.0999997,187,10377.45669
2.1,124,10380.253027
1.0999999,147,10382.806564
2.0999997,108,10385.075035
6.1000004,205,10388.204455
4.100001,202,10391.563261
4.100001,163,10394.327923
4.1000004,197,10398.278874
6.1000004,317,10406.719473
4.1000004,156,10410.980798
1.0999999,38,10412.473722
1.0999998,110,10414.771925
1.0999999,171,10417.687102
2.0999997,163,10518.877217
3.0999997,160,10521.76153
3.1000001,281,10525.877344
2.0999997,195,10529.016069
3.1,168,10531.98612
3.1,141,10534.576992
3.1,201,10537.716873
3.1,194,10540.965056
3.1,174,10544.04546
4.1,142,10546.623776
3.0999997,184,10549.773175
3.1,214,10653.168114
5.1000004,189,10656.639091
3.0999997,236,10660.511387
5.100001,204,10663.64573
6.100001,193,10666.936
2.0999994,167,10669.988381
5.100001,193,10673.107102
5.100001,200,10676.418211
4.1000004,84,10678.41301
3.1,138,10681.197364
3.1,136,10683.690662
3.1,144,10686.329834
2.1,162,10788.289608
4.1000004,191,10791.533517
2.0999997,160,10794.48176
4.100001,196,10797.54408
4.100001,159,10800.625528
5.100001,190,10804.780547
3.0999994,195,10807.995927
5.1000004,225,10812.147104
4.1000004,136,10814.765365
5.100001,236,10818.248246
2.0999997,233,10822.010206
0.100000024,34,10924.069566
1.0999998,176,10927.215833
2.0999997,156,10930.08154
4.100001,214,10933.642234
5.100001,205,10937.013503
4.100001,180,10939.919584
4.0999994,238,10943.737666
-0.90000004,38,10945.214463
3.1,259,10949.119724
4.100001,151,10951.915046
3.0999997,158,10954.720698
2.1,111,10957.084136
4.1000004,152,11058.671634
1.0999999,84,11060.856081
5.1000004,144,11063.372724
1.0999998,201,11066.706741
4.1,178,11069.792234
1.0999999,197,11073.076593
5.1000004,200,11076.375025
2.0999997,204,11079.711386
2.0999997,186,11082.842582
3.1,178,11085.934209
4.100001,210,11089.223491
3.0999997,161,11092.050446
2.0999997,164,11193.264303
6.100001,177,11196.528781
4.1000004,176,11199.408801
1.0999998,255,11203.369897
1.0999999,141,11206.038045
2.1,167,11208.970573
2.1,155,11211.997284
3.1,154,11214.693324
3.0999997,189,11217.844601
2.1,187,11221.110144
4.1000004,152,11223.75317
5.100001,242,11327.647093
2.0999997,67,11329.704849
5.1000004,133,11332.355605
2.1,162,11335.235762
4.100001,187,11338.550319
0.100000024,38,11340.34999
4.1000004,194,11343.432166
3.1,155,11346.393893
3.0999997,208,11349.674415
0.10000007,40,11351.536687
2.0999997,182,11354.463972
5.100001,222,11358.064919
3.0999997,174,11361.258642
1.0999998,152,11363.870316
3.1,188,11469.183584
1.0999999,50,11471.144865
4.100001,216,11474.494102
0.100000024,185,11477.620413
2.0999997,165,11480.560369
4.100001,209,11483.818299
-0.9,38,11485.299863
4.100001,172,11488.388679
1.0999998,384,11493.728162
2.1,135,11496.323
5.100001,316,11500.861428
3.0999997,161,11604.36648
2.0999997,197,11607.540857
4.100001,186,11610.851219
2.0999997,235,11614.532354
6.100001,253,11618.284467
3.1,189,11621.564901
3.0999997,186,11624.795559
5.100001,187,11627.716233
2.1,153,11630.574628
0.10000004,205,11633.886471
3.1,124,11636.221346
3.1,248,11738.91308
2.0999992,209,11742.46256
3.0999997,169,11745.411102
2.0999997,170,11748.25843
4.1000004,213,11751.720893
1.1,226,11755.251083
0.10000007,91,11757.30504
0.1,133,11759.715917
4.100001,227,11763.332443
2.1,168,11766.277143
1.0999998,55,11767.826873
3.1,200,11771.169909
4.1,153,11874.837765
4.100001,171,11877.870298
2.1,167,11880.942713
0.10000001,141,11883.473286
1.0999999,153,11886.291871
3.0999994,174,11889.101714
3.0999997,176,11892.367909
2.1,160,11895.11629
4.1,269,11899.085171
-0.9,45,11900.605324
4.100001,144,11903.593976
6.100001,293,11907.887575
2.0999997,147,12011.383121
1.0999999,130,12013.968858
2.1,207,12017.246989
1.0999999,222,12021.025296
3.0999997,205,12024.432527
2.0999997,162,12027.266538
-0.9,36,12028.821506
1.0999998,179,12032.072818
4.1000004,212,12035.589584
2.1,212,12039.069798
4.100001,180,12042.216952
3.0999997,164,12045.234163
2.0999997,131,12149.299965
3.1,182,12152.464958
3.1000009,430,12158.32207
1.0999999,134,12160.821801
1.0999999,47,12162.546873
1.0999998,102,12164.877449
4.1,160,12167.764112
2.0999997,153,12170.703294
6.100001,219,12174.486811
5.100001,153,12177.271787
0.10000007,153,12180.037343
3.0999997,174,12183.257669
3.1,180,12287.402904
1.0999998,154,12290.192119
2.1,198,12293.630193
2.0999997,155,12296.369658
6.100001,232,12299.990293
1.0999998,159,12303.076937
2.1,63,12304.975364
2.0999997,114,12307.336701
1.0999999,44,12309.12003
3.1000001,248,12313.057702
2.0999997,114,12315.501891
4.100001,248,12319.347967
4.100001,214,12424.236186
3.0999997,172,12427.41417
1.0999998,43,12428.901406
1.0999998,164,12431.805453
2.1,185,12435.024351
2.0999997,160,12437.914037
4.100001,186,12440.916095
2.1,210,12444.484937
5.100001,283,12448.734036
2.0999997,177,12451.732008
0.100000024,108,12454.206097
1.0999999,175,12457.109941
3.0999997,202,12559.822351
5.100001,152,12562.684918
3.1000006,404,12568.090393
3.0999997,190,12571.117325
2.0999997,199,12574.522424
2.0999994,97,12576.791402
4.100001,184,12579.961807
3.0999997,42,12581.573627
2.0999997,145,12584.436125
4.1000004,155,12587.103549
2.1,140,12589.810773
2.0999997,85,12591.851413
1.0999999,161,12594.869432
4.100001,196,12701.475022
2.1,151,12704.291307
3.0999997,245,12708.127398
3.1,161,12710.979632
7.1000004,255,12715.400779
1.0999999,144,12718.009278
2.1,138,12720.688765
3.1,141,12723.430659
1.0999999,36,12724.961854
1.0999999,167,12728.011778
2.1,92,12730.087376
2.1000004,282,12734.45668
5.100001,183,12837.425868
2.0999997,171,12840.521803
2.1,170,12843.761171
1.0999998,217,12847.10532
3.0999997,175,12850.102007
5.100001,193,12853.341629
2.1,188,12856.450991
2.1,156,12859.281147
5.100001,174,12862.280198
1.1,51,12863.883278
5.1000004,133,12866.58515
3.0999994,181,12869.603997
1.0999999,155,12972.570138
2.1,190,12975.793496
2.1,167,12978.764004
4.100001,148,12981.438467
2.0999994,162,12984.492121
2.1000009,433,12990.211121
3.0999997,160,12993.39435
3.1,144,12995.96949
2.1,139,12998.661618
0.10000003,186,13001.759523
6.100001,196,13005.272612
2.0999997,157,13115.605959
3.1,175,13118.614905
5.100001,169,13121.685398
4.1000004,181,13124.763275
5.100001,229,13128.540949
4.1000004,150,13131.305571
4.100001,193,13134.626613
5.1000004,182,13137.802206
6.100001,153,13140.926522
1.0999998,245,13145.046455
2.1,238,13148.969497
1.0999999,137,13253.700492
4.1000004,191,13256.74955
3.0999997,164,13259.766228
5.100001,130,13262.320146
4.100001,227,13266.008098
2.0999997,138,13268.642351
1.0999999,176,13271.824215
3.0999997,169,13274.880167
5.1000004,158,13277.672668
4.100001,164,13280.597788
2.0999994,144,13283.370076
3.1,155,13286.276868
3.1,178,13389.496858
4.100001,235,13393.596123
3.1,216,13396.888522
4.1000004,212,13400.282034
5.100001,445,13406.47655
2.1,251,13410.247017
4.1000004,163,13413.268957
1.0999998,143,13416.101252
2.0999997,146,13418.711143
2.1,152,13421.481043
1.0999998,219,13525.715449
2.1,143,13528.720037
2.0999997,158,13531.537814
4.100001,170,13534.460012
3.0999997,166,13537.76832
3.1,157,13541.251331
1.0999998,169,13544.29228
2.0999997,122,13546.895823
4.100001,245,13550.490641
3.0999997,208,13554.071559
4.1000004,214,13557.570213
3.0999994,149,13661.243444
0.10000001,158,13664.827727
4.100001,193,13668.517159
2.0999997,73,13670.514951
4.100001,215,13674.885873
2.0999997,163,13677.649288
0.10000004,73,13679.52112
6.1000004,163,13682.587932
4.100001,154,13685.464983
2.1,165,13688.238863
5.1000004,147,13690.969416
4.100001,170,13693.996315
2.0999997,155,13696.824894
5.100001,439,13805.40195
4.100001,189,13808.607903
4.1000004,162,13812.015374
5.100001,173,13815.295056
2.1,156,13817.934377
4.1000004,162,13820.932471
4.1000004,138,13823.587837
6.1000004,175,13826.756126
3.1,142,13829.247729
4.100001,214,13832.774945
3.0999997,181,13836.009817
5.100001,253,13941.46304
1.0999998,43,13943.258954
1.0999998,200,13946.655557
4.1,183,13949.876488
4.100001,163,13952.833892
6.1000004,165,13955.931648
6.1000004,213,13959.296188
4.1000004,142,13961.970698
3.0999997,177,13965.274751
2.1,162,13968.28313
2.0999994,145,13971.048078
3.1,141,13973.821167
0.10000003,173,13976.823403
6.1000004,105,14081.095458
5.1000004,168,14084.238348
3.0999997,175,14087.261277
2.1,187,14090.570566
3.0999997,201,14094.058772
3.0999994,147,14096.881369
1.0999998,162,14099.591474
1.0999999,270,14103.884635
4.100001,237,14107.516626
4.1000004,141,14110.234332
3.1,199,14113.432405
3.0999997,159,14216.757798
3.1,189,14219.919441
3.1,199,14223.92165
3.1,142,14227.040536
4.100001,153,14229.941053
4.1,179,14233.023687
2.1,146,14235.744304
3.1,136,14238.400986
2.1,143,14241.141617
2.1,149,14244.086248
0.10000006,99,14246.339295
4.1000004,155,14249.059402
4.1000004,189,14252.256216
3.1,148,14358.331618
4.100001,159,14361.490623
6.1000004,165,14364.596793
0.100000024,33,14366.138859
3.0999997,164,14368.941555
0.10000007,36,14370.378202
5.100001,184,14373.64981
3.0999997,163,14376.427735
1.0999999,193,14379.720176
3.1,154,14382.982923
4.100001,171,14385.982441
0.100000024,138,14388.759257
5.1000004,191,14391.766133
2.1,135,14394.586948
4.100001,393,14501.991972
1.0999999,187,14505.095007
3.0999997,148,14507.877685
2.1,206,14511.352831
5.1000004,217,14514.932845
2.1,133,14517.607999
3.1,166,14520.413372
1.0999999,140,14523.362944
4.1000004,182,14526.579206
1.1000001,200,14529.836537
4.100001,187,14633.072247
7.1000004,160,14636.138535
3.1,159,14638.847592
0.100000024,36,14640.491061
0.099999994,252,14644.322355
2.1,197,14647.631217
5.1000004,136,14650.335102
2.1,138,14652.814797
3.0999992,219,14656.45255
4.1000004,187,14659.48749
2.0999997,168,14662.476703
4.100001,147,14665.341772
1.0999999,210,14668.779386
4.1000004,143,14771.723225
0.10000003,106,14774.229967
4.100001,181,14777.219873
4.1000004,208,14780.623517
4.1000004,121,14783.06132
0.10000007,181,14786.361718
3.1,236,14790.182219
1.0999998,162,14793.022839
5.1000004,190,14796.441014
2.1,144,14799.206206
2.0999994,203,14802.421162
1.0999999,39,14804.0601
2.1,102,14806.443297
3.0999994,145,14910.407055
-0.9,30,14912.053731
3.0999997,87,14914.128102
5.1000004,252,14918.005778
4.100001,261,14922.008507
3.1,219,14925.610663
2.1,244,14929.323457
1.0999998,176,14932.294286
2.1,168,14935.552639
3.1,165,14938.330321
4.1000004,135,14941.097874
3.0999997,158,14943.981595
2.1,197,15051.923385
4.100001,222,15055.597804
1.0999998,183,15058.746788
3.1,175,15061.642761
1.0999999,168,15064.89264
2.1,202,15068.325365
2.0999994,153,15071.046086
3.1,176,15074.143908
4.100001,197,15077.346944
2.1,165,15080.202173
1.0999998,170,15083.321763
1.0999999,228,15187.59186
3.0999992,214,15191.142321
4.1000004,150,15193.974754
3.1,190,15197.23494
2.1,53,15198.883976
2.1,153,15201.555761
3.0999994,161,15204.713135
3.0999997,189,15208.091972
3.1,174,15210.980356
0.100000024,36,15212.536108
4.100001,148,15215.428682
5.100001,197,15218.819426
3.0999997,160,15221.547237
3.1,191,15325.444052
4.1000004,168,15328.535686
2.1,35,15330.019264
3.1,187,15333.198707
2.0999997,85,15335.353406
2.0999994,153,15338.093843
4.1000004,182,15341.124626
2.0999997,190,15344.456557
2.1,137,15346.998098
5.100001,160,15349.918794
4.100001,185,15353.094684
3.0999997,165,15356.081576
4.1,204,15359.46288
5.100001,224,15463.256209
2.1,220,15466.946458
5.1000004,169,15469.814567
4.1000004,198,15473.901878
3.0999997,178,15477.073958
4.1000004,177,15479.942062
2.1,145,15482.703361
1.0999999,37,15484.227821
2.0999997,167,15487.175617
5.1000004,184,15490.360933
5.100001,163,15493.299092
2.0999997,138,15495.980964
6.1000004,144,15498.709539
2.1,140,15603.998113
2.0999997,52,15605.727171
3.1,144,15608.915752
3.0999997,180,15611.949903
4.1,155,15615.137581
3.1,147,15617.825404
3.1,141,15620.542646
3.1,171,15623.472591
2.0999997,168,15626.717739
0.10000003,216,15630.353132
4.1000004,178,15633.346403
4.1000004,143,15636.254931
4.100001,170,15639.101832
4.100001,190,15743.303335
3.1,323,15748.127426
3.0999997,88,15750.275716
5.100001,194,15753.512376
2.1,147,15756.397768
4.1,161,15759.359546
4.100001,181,15762.387508
0.10000005,147,15765.273343
3.1,178,15768.221028
4.1000004,175,15771.304902
3.1,141,15774.307348
2.0999997,166,15777.179718
4.100001,221,15880.973713
3.0999997,191,15884.358276
1.0999999,260,15888.366944
2.1,226,15891.947792
2.1,32,15893.393975
6.100001,275,15897.716982
4.100001,240,15901.425088
4.1000004,232,15905.173105
4.1000004,238,15908.899093
4.100001,194,16011.99184
0.10000001,158,16015.12655
2.1,142,16017.728106
3.0999997,154,16020.471309
2.1,140,16023.060219
4.100001,219,16026.880908
2.1,223,16030.594809
3.0999997,156,16033.303757
2.0999997,205,16036.790705
4.1000004,248,16040.72655
3.1,231,16044.397783
3.0999997,176,16149.633732
0.099999994,37,16151.243747
3.1,149,16153.936403
3.0999997,165,16157.002317
5.100001,431,16162.697091
1.0999999,113,16165.341996
4.100001,237,16168.935771
4.1000004,206,16172.473696
2.1,206,16176.0433
3.0999994,203,16179.393464
4.100001,366,16287.594127
4.1000004,181,16290.655647
2.0999994,205,16293.990084
4.1000004,156,16296.898463
0.10000006,193,16300.213044
2.1,217,16303.722162
1.0999999,162,16306.737681
3.1,152,16310.013358
1.1,111,16312.279734
3.0999997,214,16315.993326
4.1000004,155,16318.809689
2.1,112,16321.14444
2.1,131,16425.27167
5.1000004,157,16428.178873
4.1000004,161,16431.081978
4.100001,216,16434.605974
1.0999998,164,16437.52031
1.0999998,157,16440.423688
3.0999997,149,16442.990929
4.1000004,134,16445.814488
1.0999998,155,16448.537532
3.1,136,16451.216307
1.0999999,153,16453.955382
4.100001,197,16457.363563
2.0999997,181,16460.589334
0.100000024,146,16565.802728
5.1000004,208,16569.255601
4.100001,271,16573.42895
1.0999998,179,16576.41917
4.1000004,180,16579.694133
2.1,185,16582.703516
4.1000004,207,16586.396721
4.0999994,209,16589.890153
2.0999997,176,16592.947165
5.100001,179,16596.105688
1.0999999,42,16597.710168
5.1000004,197,16708.155391
2.0999997,152,16710.959089
4.1000004,182,16714.089463
4.1000004,188,16717.533497
2.0999997,208,16721.03352
3.0999997,183,16724.077473
2.1,157,16727.127805
4.100001,254,16731.248147
4.1000004,137,16733.709739
3.0999997,205,16737.427359
3.1,264,16741.422613
2.1,160,16847.950371
3.1,137,16850.480837
4.100001,177,16853.532523
3.0999997,176,16856.918167
0.10000001,186,16860.004356
3.1,173,16862.953967
4.100001,161,16865.855219
3.1,245,16869.716933
3.0999994,150,16872.565341
4.0999994,131,16875.175385
5.1000004,195,16878.386867
4.100001,180,16982.310642
2.1,162,16985.320982
3.1,258,16989.219696
1.0999999,40,16990.949168
0.09999999,164,16993.777094
1.0999999,192,16997.227616
3.0999997,209,17000.697113
3.1,170,17003.555424
3.1,191,17007.117106
3.0999997,178,17010.645097
4.100001,213,17013.97796
3.0999997,128,17016.762904
3.1,204,17120.458032
2.0999997,54,17122.167257
1.0999999,168,17125.363755
1.0999998,167,17128.222394
2.1000001,155,17131.123799
3.0999997,159,17133.973785
1.0999998,119,17136.632317
3.1,172,17139.529359
6.1000004,145,17142.283226
2.1,95,17144.50043
1.0999998,197,17148.03561
3.0999994,166,17150.879917
2.1000009,432,17259.080789
2.1,169,17262.078847
6.100001,181,17265.401994
1.0999999,57,17267.24854
-0.9,38,17268.769741
1.0999999,204,17272.156976
0.100000024,165,17275.140006
4.1000004,149,17278.497512
3.0999997,154,17281.241364
6.100001,177,17284.380631
1.0999998,150,17287.291691
5.100001,150,17290.147755
5.100001,365,17295.166682
3.1000009,426,17401.236225
3.0999994,154,17404.647619
1.0999999,155,17407.741959
2.0999997,205,17411.51654
2.0999997,248,17415.462461
4.100001,195,17418.749251
2.1000009,425,17424.701377
2.1,174,17428.075461
1.0999998,230,17532.749425
2.1,174,17536.059797
4.1000004,215,17539.637327
2.0999997,189,17542.918017
1.0999998,164,17545.963387
1.0999998,159,17548.843718
3.1,165,17551.839705
2.0999997,185,17554.914265
1.0999999,174,17558.023658
4.1,185,17561.224749
3.0999997,231,17564.744107
2.1,147,17671.373153
3.0999997,204,17674.753675
2.1,138,17677.565906
2.0999997,163,17680.304355
1.0999998,118,17682.936098
2.1,197,17686.203155
3.1,242,17690.259201
4.1000004,187,17693.501941
3.0999994,98,17695.870061
4.100001,152,17698.761065
1.0999998,183,17701.767727
3.0999994,189,17706.358022
1.0999998,109,17808.606531
2.0999997,187,17812.172992
0.10000004,187,17815.317851
5.100001,220,17819.007824
1.0999999,160,17821.980058
3.0999992,177,17825.09552
5.1000004,151,17828.168055
1.0999998,221,17831.607968
3.1,164,17834.472805
4.100001,210,17838.08605
1.0999998,208,17841.634635
4.1000004,169,17944.406144
5.100001,214,17948.193665
4.1000004,199,17951.496842
3.1,169,17954.633025
3.0999997,156,17957.582193
4.1000004,157,17960.564026
1.0999998,199,17963.728375
5.100001,221,17967.412055
3.1,185,17970.581492
2.0999997,201,17973.761513
3.1,169,17976.787816
3.0999997,193,18082.931206
4.100001,225,18086.799963
5.1000004,179,18089.91786
0.10000007,136,18092.478033
2.1000001,261,18097.062286
0.10000001,148,18099.960917
0.10000003,54,18101.689643
4.100001,289,18106.066991
3.1,137,18108.630685
3.0999997,174,18111.786813
2.1,123,18114.280253
3.0999997,192,18117.751232
2.0999997,158,18222.076198
5.1000004,168,18225.109018
6.100001,226,18228.771698
4.1000004,141,18231.48575
5.100001,185,18234.636962
2.0999997,169,18237.683557
3.1,174,18240.746173
4.100001,178,18243.652805
4.1000004,197,18247.164705
3.0999997,162,18250.004814
4.1000004,174,18253.122006
0.10000007,108,18255.361085
4.1000004,212,18358.747487
5.1000004,176,18361.713642
1.0999999,140,18364.484702
6.1,197,18367.781415
4.1000004,153,18370.690259
7.1,237,18374.524794
4.100001,225,18378.164349
1.1,34,18379.843303
4.100001,157,18382.597044
6.100001,206,18386.100732
3.1,189,18389.403711
1.0999999,156,18392.041831
5.100001,155,18496.364939
1.1,210,18500.047073
3.1,233,18503.825974
3.1,198,18507.065163
6.100001,218,18510.625403
4.1000004,256,18514.503734
4.1,181,18517.72266
5.1000004,244,18521.616956
2.0999997,114,18524.133941
4.1000004,275,18528.339936
5.100001,190,18633.55948
-0.90000004,34,18635.086726
3.0999997,185,18638.293722
3.0999997,137,18640.800889
2.0999997,155,18643.628145
5.1,154,18646.417818
4.1000004,135,18649.200398
4.1,203,18652.365646
3.1,196,18655.598317
3.1,204,18659.264956
-0.9,36,18660.831813
2.0999994,132,18663.404609
0.10000007,52,18665.18086
1.0999998,121,18667.872829
3.0999994,136,18670.477959
1.0999998,112,18774.900562
4.100001,191,18778.429498
0.1,262,18782.457673
5.100001,181,18785.731239
3.0999997,218,18789.389871
3.0999997,190,18792.624611
5.1000004,169,18795.517689
3.0999997,186,18798.932876
3.0999997,170,18802.044679
3.1,195,18805.189931
4.1000004,312,18921.988526
5.1000004,169,18925.043597
3.1,235,18928.92912
3.1,141,18931.607321
1.0999998,175,18934.712871
4.100001,199,18938.102178
4.1000004,219,18941.622493
2.0999997,133,18944.338204
5.1000004,199,18947.706675
5.1000004,164,18950.799331
4.100001,432,19058.534542
1.0999999,143,19061.130971
2.0999997,165,19064.151731
5.100001,173,19067.17951
4.1000004,190,19072.621189
4.100001,240,19076.633133
4.100001,300,19081.26406
3.1,221,19085.312187
3.1,85,19087.679102
3.1,173,19090.744347
4.100001,190,19093.946849
1.1,220,19199.887807
1.0999998,193,19203.674695
2.0999997,180,19206.800505
1.0999998,254,19211.105478
4.1,169,19214.244326
1.0999999,153,19217.076407
3.0999997,215,19220.593298
3.1,151,19223.297207
3.0999997,162,19226.295087
3.1000001,260,19230.448525
6.100001,214,19336.308415
2.1,169,19339.599084
3.1,188,19343.196824
5.100001,218,19346.82113
-0.9,38,19348.682525
4.100001,271,19352.815215
4.1000004,174,19355.879228
3.1,169,19359.076112
3.0999994,163,19361.932369
1.0999998,91,19364.245167
4.0999994,336,19369.253739
3.1,164,19473.535481
7.100001,167,19476.509603
6.1,160,19479.616564
4.1,162,19482.621588
3.1,237,19486.363081
3.1,294,19490.979742
3.0999997,201,19494.547698
1.1,164,19497.768771
5.100001,166,19500.721315
3.1,165,19503.745818
3.1,260,19507.975704
3.0999997,185,19613.156646
4.1,165,19615.987046
3.1,160,19619.054744
1.0999999,151,19621.933106
2.1,176,19625.086339
3.1000001,151,19627.950865
3.1,226,19631.523618
6.100001,401,19637.054083
4.100001,155,19640.053786
3.1,171,19643.326879
3.1,146,19646.218426
-0.9,88,19750.949727
4.1000004,199,19754.324511
0.099999994,40,19755.990358
2.1,174,19759.2145
4.100001,178,19762.314785
5.1000004,216,19765.913969
2.0999997,147,19768.798154
3.0999997,170,19771.86339
2.1,203,19775.22014
4.1000004,160,19778.19691
4.100001,167,19781.307505
3.1,217,19785.008403
6.100001,242,19892.143703
2.1,150,19895.303887
4.1000004,202,19898.715601
0.10000007,163,19901.778163
5.100001,176,19904.825536
2.1,172,19907.975426
3.0999997,169,19911.137994
4.1000004,133,19913.725738
2.1,163,19916.758124
3.0999997,158,19919.632985
2.0999997,186,19922.915165
3.0999997,176,19925.996049
1.0999999,148,20030.738207
0.10000007,156,20033.560402
2.1000001,284,20037.98515
4.1000004,176,20041.107639
0.10000006,145,20043.848888
2.0999997,172,20046.9952
4.100001,159,20049.847212
0.10000011,136,20053.367258
1.0999998,159,20056.3094
1.1,170,20059.568688
3.1,165,20062.646178
-0.9,69,20064.609422
3.0999997,172,20168.736245
4.100001,182,20171.833472
0.10000001,166,20174.824694
3.0999994,172,20178.101938
1.0999999,157,20180.889108
0.10000009,156,20183.828084
0.10000005,153,20186.642519
1.0999998,201,20190.32273
-0.90000004,63,20192.201157
2.0999997,162,20195.103026
4.100001,219,20198.757691
6.100001,186,20202.062881
4.1000004,156,20205.647089
5.1000004,254,20317.977189
4.1,165,20320.988344
4.100001,160,20324.062697
5.100001,163,20326.869093
5.1000004,145,20329.941373
1.0999998,162,20332.729578
1.0999999,38,20334.374094
5.100001,208,20338.019357
2.1,174,20341.176308
5.1000004,163,20343.994764
0.100000024,48,20345.893391
1.0999998,182,20350.853751
-0.9,153,20353.751311
3.0999997,198,20460.201365
2.0999997,169,20463.277351
1.0999999,154,20465.989303
2.1,139,20468.847478
0.10000001,148,20471.571507
3.1000001,256,20475.475645
2.0999997,190,20478.88406
2.1,148,20481.559942
4.1,161,20484.449695
3.0999997,163,20487.287176
4.100001,169,20490.480208
3.1,164,20493.253082
3.0999997,152,20596.987718
2.1,221,20600.812875
1.0999998,161,20603.676733
2.0999997,155,20606.556661
4.1000004,168,20609.730351
2.0999994,262,20613.720669
5.1000004,186,20616.852597
1.0999999,141,20619.998745
2.0999997,197,20623.270537
2.1000009,391,20628.895363
2.0999997,172,20731.267436
2.1,131,20733.967781
1.0999999,168,20736.952392
2.0999997,206,20740.553046
3.0999997,151,20743.311852
2.1,157,20746.361584
2.1,190,20749.535678
1.0999999,252,20753.439743
3.1,209,20756.875209
3.0999997,160,20759.771605
2.0999994,168,20762.761759
3.1,148,20765.514156
3.1,198,20873.041128
2.0999997,133,20875.518338
1.1,212,20879.089605
2.1,165,20882.161256
3.1,143,20884.735228
2.1000001,106,20887.24538
3.1,149,20890.330509
3.0999997,184,20893.659319
2.0999997,199,20896.786344
5.100001,217,20900.361439
5.1000004,212,20903.932214
5.1000004,147,20906.502315
2.1,171,21012.504851
1.0999999,167,21015.6035
1.0999999,155,21018.463028
3.1000006,390,21023.801705
2.0999997,152,21026.613198
1.0999998,133,21029.434819
1.0999999,50,21031.08932
4.1,166,21034.118691
-0.9,39,21035.670098
1.0999998,144,21038.340579
4.1000004,225,21041.983523
2.0999997,191,21045.272992
2.1,253,21149.64389
-0.9,36,21151.392543
3.1,159,21154.401092
2.1,150,21157.045566
3.0999994,212,21160.78576
1.0999999,133,21163.32539
1.0999998,166,21166.216072
3.1,134,21168.89026
2.1,140,21171.72965
2.0999997,168,21174.70243
4.100001,159,21177.74511
0.10000014,169,21180.896155
1.0999999,143,21183.548681
5.100001,419,21290.19869
2.0999997,144,21292.801094
5.1,256,21296.756608
3.0999997,165,21299.928221
0.10000005,146,21302.642062
2.0999994,142,21305.367212
0.10000001,85,21307.432938
4.100001,179,21310.726484
2.1,142,21313.230753
2.0999997,170,21316.257269
4.100001,176,21319.433366
4.1000004,175,21423.564967
2.1,236,21427.119603
4.100001,425,21433.136694
3.0999997,156,21435.825039
4.1000004,166,21438.938941
2.0999997,149,21441.43748
3.1,194,21444.708141
2.0999997,139,21447.461291
3.1,154,21450.501578
2.0999997,121,21452.964792
3.1,162,21455.714417
1.0999998,183,21559.253823
2.1000009,387,21564.752291
3.1,89,21566.80278
4.1000004,140,21569.47564
3.1,146,21572.227359
1.0999999,170,21575.065976
3.1,137,21577.713002
-0.9,31,21579.281565
0.10000005,185,21582.614047
2.1,165,21585.582325
4.1000004,150,21588.363485
2.0999997,161,21591.285926
2.0999997,167,21594.280944
1.0999999,153,21696.741161
1.0999999,152,21699.604367
2.0999997,155,21702.489482
4.1,175,21705.561974
1.0999999,135,21707.982573
3.1,221,21711.68079
1.0999999,249,21715.319816
2.0999994,147,21718.155859
2.1,79,21720.257317
2.1,86,21722.474063
4.1000004,146,21725.028363
1.0999999,163,21728.042108
1.0999999,192,21731.432581
2.1000001,80,21833.955108
3.1,150,21837.007349
-0.9,40,21838.631271
1.0999999,144,21841.435078
5.100001,201,21844.821441
3.0999997,181,21848.163254
4.100001,158,21850.949493
1.0999999,194,21854.291295
3.0999997,185,21857.247368
1.0999998,185,21860.566792
3.1,163,21863.523504
4.1000004,264,21867.612741
2.1,180,21971.918877
2.1,237,21975.59132
5.100001,286,21979.967025
2.1,182,21982.913166
4.1000004,164,21985.944634
3.0999997,41,21987.572716
0.100000106,173,21990.613565
-0.9,51,21992.376538
3.1,175,21995.272782
4.100001,196,21998.550077
3.0999997,151,22001.423157
5.1,197,22004.594941
3.1000006,397,22113.059184
3.0999997,221,22116.661075
3.0999997,193,22119.869053
2.1,121,22122.360425
3.1,241,22125.858966
-0.9,70,22127.860321
2.0999997,125,22130.378801
2.1,168,22133.388188
4.1000004,215,22136.753044
3.0999994,201,22140.251278
2.1,153,22143.081927
3.1,164,22249.233226
4.100001,189,22252.81396
4.1000004,170,22255.744406
2.1,144,22258.455276
1.0999999,154,22261.329171
3.1,183,22264.403349
5.1000004,178,22267.351766
3.0999997,157,22270.368484
1.0999998,215,22273.850658
3.0999997,173,22276.701801
3.1,132,22279.469456
3.0999997,278,22283.789669
5.1000004,173,22387.188438
4.100001,164,22390.292699
2.0999997,161,22393.230068
4.1,200,22396.71864
3.1,140,22399.455302
5.100001,162,22402.404855
2.0999997,188,22405.440402
5.100001,170,22408.571712
1.0999998,186,22411.906319
3.1,168,22414.69215
4.0999994,187,22418.01026
3.1,211,22522.723101
5.1000004,164,22525.720761
2.1,236,22529.282436
4.1000004,205,22532.737743
4.100001,245,22536.58365
2.0999997,176,22539.639942
4.1000004,322,22544.298127
0.10000007,165,22547.288599
2.1000009,425,22553.058007
1.0999999,167,22656.689178
2.0999997,157,22659.725571
1.0999999,183,22662.965339
2.0999997,148,22665.616763
2.0999997,178,22668.686966
3.1,192,22671.998829
2.1,33,22673.635649
2.0999994,227,22677.171184
4.100001,171,22680.288058
2.1,241,22684.15764
2.0999997,183,22687.287849
2.0999997,138,22690.092077
2.0999997,231,22813.701354
1.0999998,179,22816.736856
3.1,172,22819.790495
2.1,136,22822.514428
0.09999995,62,22824.232283
3.1,174,22827.358582
4.100001,153,22830.065974
2.1,171,22833.069712
1.0999999,140,22835.619756
0.10000001,178,22838.684499
1.0999999,282,22843.002416
3.0999997,161,22845.893334
3.1,176,22950.777717
4.1000004,153,22953.646679
4.100001,183,22956.963763
3.1,217,22960.465305
3.1,142,22963.25471
4.1000004,159,22966.000779
3.0999992,194,22969.305205
3.1,164,22972.472829
4.1000004,214,22975.958561
4.100001,439,22982.267767
3.1,141,23086.498683
3.0999997,136,23089.003799
3.1,183,23092.411707
3.1,171,23095.194525
4.100001,203,23098.564192
1.0999999,140,23101.459027
2.1,219,23104.859409
0.10000004,106,23107.214021
2.0999994,180,23110.494143
3.0999994,191,23113.73271
4.1000004,193,23116.803417
3.0999997,171,23119.916749
4.1000004,157,23223.730081
4.1000004,200,23227.493444
0.100000024,171,23230.50971
3.1,212,23234.082048
2.0999997,179,23237.148287
5.1000004,148,23239.774723
2.0999997,148,23242.889038
3.0999997,160,23245.72676
3.1,126,23248.352186
1.0999998,178,23251.49343
2.1,173,23254.616126
4.100001,190,23258.12643
2.1,137,23363.450361
0.10000011,126,23365.903358
1.0999999,140,23368.678956
4.100001,168,23371.589025
4.1000004,228,23375.150406
2.0999997,142,23377.801433
4.100001,179,23381.22625
3.1000006,423,23387.122453
1.0999999,149,23390.173837
4.1000004,142,23392.910332
4.1000004,135,23395.488014
3.0999997,206,23398.878077
3.0999997,189,23504.697691
2.1,175,23507.810344
1.0999999,181,23511.153754
3.1,169,23514.179745
5.1000004,184,23517.215515
5.100001,198,23520.592222
2.0999992,229,23524.312521
3.0999997,189,23527.469858
2.1,183,23530.768105
2.0999997,46,23532.529565
3.0999994,209,23535.991507
2.0999997,165,23641.579882
2.0999997,183,23645.03318
4.100001,178,23647.992526
2.0999997,151,23650.957046
4.1000004,142,23653.612855
3.1,224,23657.143461
3.0999997,148,23659.990572
2.1000006,378,23665.446225
2.0999992,215,23669.055586
2.0999997,179,23672.201569
6.100001,282,23777.78206
2.1,172,23780.822087
3.1,135,23783.465012
0.10000001,137,23786.09335
2.1,254,23790.081585
1.0999999,144,23792.923339
2.0999997,127,23795.432756
4.1,98,23797.519436
2.0999997,141,23800.378809
5.1000004,154,23803.181294
3.0999997,182,23807.084884
4.1000004,184,23810.643996
4.100001,150,23813.457838
3.1,164,23924.297322
4.1,151,23926.939286
5.1000004,148,23929.738881
3.1,134,23932.626466
3.1,143,23935.453505
3.0999997,156,23938.154394
4.1000004,161,23941.323802
1.0999998,210,23944.667375
3.0999997,229,23948.534617
1.0999999,151,23951.538778
0.100000024,167,23954.410191
1.0999999,188,23957.693886
4.1000004,144,24066.250088
2.1,215,24069.855523
0.10000005,37,24071.54581
3.1,163,24074.437745
2.1,143,24077.007747
5.1000004,164,24080.03118
1.0999999,136,24082.680066
4.1000004,195,24086.066832
5.100001,438,24092.829648
2.0999997,165,24095.718749
2.1000009,425,24203.711426
1.0999999,90,24206.136642
2.1,211,24209.599698
2.1,139,24212.405159
3.0999997,237,24216.120579
1.0999999,160,24218.879988
1.1,120,24221.36702
3.0999997,216,24224.932999
0.100000024,36,24226.518108
0.10000007,187,24229.782015
5.100001,268,24233.985582
1.0999999,151,24236.737796
3.0999994,155,24239.59544
1.0999998,129,24343.521598
2.1000001,278,24347.812118
2.0999992,177,24351.064135
5.1000004,180,24354.135541
2.0999994,148,24356.970858
-0.9,37,24358.603919
1.0999998,255,24362.621067
5.1000004,170,24365.525418
2.1,42,24367.126334
4.100001,179,24370.127934
0.10000003,230,24374.028903
3.0999997,129,24376.595432
4.100001,150,24481.319634
2.0999997,178,24484.597062
-0.9,13,24485.903687
3.1,285,24490.039748
0.099999994,40,24491.755003
4.1000004,178,24495.047556
0.10000004,177,24498.358742
5.1000004,169,24501.717229
3.1,209,24505.153293
4.1000004,139,24507.835453
2.1000009,398,24513.589415
5.100001,233,24621.342304
2.1,153,24624.405839
1.0999999,140,24627.019999
5.1000004,178,24630.055038
5.100001,432,24636.003408
1.0999998,191,24639.396246
2.1,132,24641.993049
7.100001,161,24645.057064
-0.90000004,40,24646.570661
3.0999994,192,24650.031586
1.1,144,24653.053489
4.1000004,169,24656.546197
2.1,197,24759.456901
2.0999997,175,24762.876431
4.1000004,218,24766.318189
2.1,248,24770.242928
3.1,146,24773.280637
1.0999998,117,24775.75884
0.10000013,146,24778.349877
3.1,137,24781.19821
2.1,147,24783.960916
2.0999997,163,24786.968101
1.1,184,24790.045538
1.0999998,140,24792.850684
2.1,158,24897.814566
1.0999998,256,24902.051534
2.1,160,24905.071087
-0.9,38,24906.688968
4.1000004,143,24909.281315
3.1,146,24912.142799
4.1,141,24914.830377
3.1,164,24917.79136
2.0999994,172,24920.698383
3.1,148,24923.703406
0.10000005,38,24925.307806
1.1,186,24928.470595
2.0999997,226,24932.136744
4.1,143,24934.944816
3.1,92,25036.048748
4.1,212,25039.744478
8.1,268,25044.011778
1.0999998,207,25047.452359
3.0999997,270,25051.692812
2.0999997,161,25054.763588
0.10000006,126,25057.139736
4.100001,181,25060.230907
3.1,251,25064.456776
5.1000004,190,25067.545685
4.1000004,198,25171.54577
3.1,146,25174.277546
4.1000004,221,25177.948563
2.1,204,25181.659773
3.099999,219,25185.390093
4.100001,142,25188.098871
1.0999999,35,25189.677967
2.1,158,25192.670239
2.1,157,25195.388294
3.0999997,199,25198.754638
2.1,140,25201.234945
0.10000001,163,25204.975346
4.1000004,186,25208.483692
2.1,61,25310.471851
4.1,218,25314.326276
2.0999997,152,25317.196833
3.1,229,25320.738902
1.0999999,153,25323.737504
7.100001,277,25327.933429
2.1,139,25330.522864
3.1,187,25334.063799
3.1,153,25336.803151
3.1,121,25339.380459
3.0999997,225,25343.113599
3.1,169,25449.175696
3.1,163,25452.055715
4.1,157,25455.123811
5.1000004,187,25458.360595
4.1,202,25461.687136
4.1000004,166,25464.751601
3.0999997,83,25466.78581
3.1,206,25470.352498
6.1000004,140,25473.071683
1.0999999,186,25476.318158
1.0999998,83,25478.309661
6.1000004,185,25481.479784
2.0999997,193,25485.114074
1.0999999,134,25588.372413
3.1,159,25591.230819
2.0999997,63,25593.273996
5.100001,172,25596.372363
1.0999999,141,25598.958732
1.0999998,220,25602.600623
2.1,165,25605.68758
3.1,143,25608.395279
1.0999999,222,25612.155175
2.0999997,166,25615.29344
5.1,168,25618.193288
3.1,145,25621.131245
4.1000004,189,25624.376297
-0.9,35,25626.102732
4.1000004,221,25730.692975
3.0999997,170,25733.800881
4.100001,184,25737.111168
4.100001,166,25740.214807
2.0999997,137,25742.908892
1.0999998,230,25746.856898
3.0999994,231,25750.725423
5.100001,246,25754.823463
3.0999997,105,25757.269249
3.0999997,144,25760.132994
3.0999997,189,25763.318007
3.0999997,170,25869.599657
4.1000004,173,25872.865177
2.0999997,154,25875.803404
6.1,229,25879.462178
3.1,142,25882.422867
4.100001,185,25885.65879
2.0999997,144,25888.500979
1.0999999,175,25891.46999
3.1,189,25894.821131
1.0999998,202,25898.213341
1.0999999,166,25901.098272
3.0999994,194,26007.727636
3.1,181,26010.939456
3.0999997,186,26014.511386
3.0999994,162,26017.39115
2.1,167,26020.477306
1.0999999,37,26022.018851
0.10000003,227,26025.881641
4.100001,164,26028.691732
1.0999998,204,26032.168059
2.0999997,204,26035.63048
0.10000001,142,26038.335945
3.0999997,178,26041.598057
2.1,169,26146.365351
3.1,174,26149.731347
1.0999998,174,26152.794041
4.1000004,141,26155.62386
2.1,209,26158.867119
2.0999997,161,26161.846154
0.10000001,48,26163.655661
2.1,137,26166.492662
0.100000024,37,26168.030499
3.0999997,105,26170.324458
-0.9,51,26172.126514
3.1,221,26175.954683
2.0999997,134,26178.630292
1.0999999,142,26181.291496
3.0999997,188,26184.660249
2.1,164,26289.678381
1.0999998,130,26292.599908
3.0999994,185,26296.030744
3.0999997,129,26298.645819
-0.9,37,26300.292523
4.1000004,202,26304.307492
5.100001,167,26307.349304
6.100001,131,26309.944681
2.1,141,26312.762863
2.1,162,26315.893581
1.0999998,170,26318.733747
3.1,143,26321.517289
-0.9,38,26323.303481
1.0999998,160,26326.219005
2.1,158,26329.167025
3.1,231,26434.392643
5.1000004,130,26437.189091
5.1000004,142,26439.919787
5.100001,222,26443.692121
3.0999997,185,26446.977853
4.1,168,26450.117522
-0.9,39,26451.738599
3.1,168,26455.007046
3.1,142,26457.658682
5.100001,179,26460.811058
3.0999994,147,26463.717399
3.1,171,26466.863011
2.0999997,181,26573.70609
5.1000004,141,26576.801144
3.0999997,160,26579.776865
2.1,152,26582.762182
2.0999997,159,26585.595535
4.100001,179,26588.798465
4.100001,185,26592.04556
5.1,133,26594.751668
2.1,164,26597.788694
3.0999997,180,26600.904803
1.0999999,143,26603.778984
1.0999999,166,26606.741802
2.0999997,174,26609.919258
5.0999994,137,26715.720982
2.1,131,26718.424802
4.100001,161,26721.455312
1.0999999,43,26723.26173
5.1000004,231,26727.142692
3.1,162,26730.120647
3.1,138,26732.861384
3.1000004,358,26737.856312
0.100000024,34,26739.452734
1.0999998,165,26742.577951
1.0999998,126,26745.184175
3.0999997,148,26748.101248
5.100001,173,26751.283755
0.10000001,185,26856.933045
2.1,147,26859.662609
-0.9,51,26861.456902
3.1,148,26864.38629
4.1,124,26866.92226
2.1,143,26869.703519
2.1,161,26872.720608
3.0999997,171,26875.841941
2.1,157,26878.71268
2.0999997,100,26880.973604
2.1,73,26882.993688
2.0999994,124,26885.59548
3.1,233,26889.198867
4.1,187,26892.537324
1.0999999,149,26895.594383
3.1,146,26999.159324
3.0999997,159,27002.010309
2.0999994,195,27006.223455
3.1,145,27009.220618
3.1,140,27012.01149
0.1,157,27015.048746
5.1,131,27017.6139
5.100001,176,27020.587686
3.1,185,27023.845831
5.1000004,180,27027.042565
3.0999997,183,27030.105795
3.0999997,170,27033.406975
4.100001,152,27138.023711
1.0999999,181,27141.358366
3.1,172,27144.452572
1.0999998,174,27147.572646
3.0999997,182,27150.835329
1.0999999,199,27154.129807
3.1,152,27157.125698
5.1000004,217,27160.53491
2.1,141,27163.502504
5.100001,172,27166.447506
1.0999999,141,27169.239195
2.0999997,164,27172.189392
4.100001,149,27279.240854
4.1000004,142,27281.939676
2.1,193,27285.562745
5.100001,177,27288.618573
3.1,146,27291.510636
1.0999998,180,27294.653816
4.100001,389,27299.97508
3.0999997,213,27303.522303
0.10000004,205,27307.051741
4.100001,216,27310.676481
1.0999998,177,27417.02916
5.1000004,166,27420.164503
3.1,140,27422.832196
2.0999997,152,27426.027792
2.1,145,27428.656348
3.1,184,27432.100792
4.100001,149,27435.50267
3.1,142,27438.461871
1.0999998,139,27441.224127
2.0999997,210,27444.681243
4.100001,160,27447.683496
2.0999994,200,27451.180768
5.1000004,187,27454.394598
5.1000004,186,27564.478416
4.1000004,186,27567.755694
2.0999997,168,27570.792872
3.1,145,27573.653046
4.1000004,188,27577.265773
0.10000001,141,27579.869715
2.0999997,190,27583.221595
4.100001,165,27586.459374
5.100001,156,27589.242228
4.100001,265,27593.316522
5.1000004,253,27597.514844
3.1,187,27705.994016
3.1,212,27709.370794
4.1000004,237,27713.239442
4.100001,147,27716.226082
2.1,215,27719.7079
4.100001,202,27724.272601
4.1000004,269,27728.350359
2.1,169,27731.289658
4.100001,138,27734.042063
2.0999997,177,27737.348895
1.0999998,149,27740.100111
3.1,165,27846.102426
3.1,133,27848.876226
5.1,189,27852.129265
2.0999997,164,27855.113428
2.1,152,27858.126823
2.1,133,27860.673733
1.0999998,38,27862.348233
4.1,201,27865.973461
-0.9,43,27867.61946
4.1000004,185,27870.858429
5.100001,219,27874.492509
-0.9,35,27876.267864
3.1,149,27878.947122
4.100001,165,27881.961308
2.1,163,27986.767157
4.1000004,147,27989.593237
1.0999998,194,27993.056551
3.0999997,202,27996.67877
4.1000004,149,27999.331884
5.100001,206,28002.801685
4.100001,159,28005.759168
1.0999998,160,28008.729879
3.1,141,28011.357626
5.100001,260,28015.455099
2.0999994,139,28018.204514
4.100001,189,28021.551659
3.1,140,28126.50534
3.0999994,144,28130.006664
2.1000006,398,28135.898437
2.1,206,28139.23065
3.1,219,28142.85475
7.100001,295,28147.562559
4.100001,233,28151.233871
1.1,237,28155.160382
4.100001,179,28158.145642
1.0999999,37,28265.036175
3.1,141,28267.838488
4.0999994,153,28270.610089
2.0999997,154,28273.526916
4.1000004,159,28276.511013
3.0999997,156,28279.571963
3.1,167,28282.512096
3.1,166,28285.656176
5.1,152,28288.361812
5.1000004,148,28291.288777
2.1,239,28295.711611
2.0999997,150,28298.434435
1.0999998,171,28301.488457
2.0999997,188,28406.675471
3.1000006,354,28411.843929
8.1,224,28415.707472
4.1000004,141,28418.269136
5.1000004,151,28421.126344
1.1,40,28422.871708
4.1000004,147,28425.842831
3.0999997,151,28428.652765
2.1,167,28431.675348
5.100001,172,28434.721236
4.100001,216,28438.332537
-0.9,49,28440.143274
2.1,234,28545.88713
5.100001,189,28549.284132
0.10000001,44,28551.057745
5.100001,132,28553.507214
0.1,59,28555.466577
3.0999997,160,28558.463363
3.0999997,192,28561.518144
3.1000001,257,28565.629416
4.1000004,177,28568.753193
0.100000024,41,28570.355488
2.0999997,164,28573.460924
3.1,151,28576.337358
4.100001,155,28579.24675
4.100001,144,28581.882718
3.0999997,170,28686.734302
1.0999999,156,28689.921631
5.100001,160,28692.759306
4.1000004,197,28696.27962
2.0999997,147,28699.099002
2.1,164,28701.985204
2.1,234,28705.857607
5.100001,246,28710.079022
4.1000004,180,28713.138395
6.100001,175,28716.378532
1.0999998,152,28719.325623
4.1000004,232,28827.565903
3.1,149,28830.400679
3.1,133,28833.043364
3.1,136,28835.739731
0.100000024,164,28838.612732
3.1000001,278,28842.77045
3.0999997,185,28846.107681
6.100001,124,28848.551664
5.1000004,114,28850.954803
2.1,77,28853.078695
5.1,194,28856.407418
2.1,136,28859.140004
1.0999999,163,28862.017403
1.0999998,160,28967.344642
3.1,142,28970.511843
4.1000004,173,28973.684302
5.100001,187,28976.984863
3.1,143,28979.912189
2.1,161,28982.832184
2.0999994,153,28985.829024
5.100001,160,28988.615838
1.1,54,28990.373747
6.1000004,230,28994.052544
3.0999997,159,28997.035558
5.1,136,28999.705358
3.1,156,29002.574384
1.0999999,161,29108.61819
3.0999997,144,29111.769893
2.0999997,164,29114.608818
5.1000004,144,29117.551669
-0.90000004,35,29119.195135
6.100001,241,29123.047831
5.100001,220,29126.615258
5.100001,223,29130.196223
4.1000004,237,29133.926493
4.1,174,29137.0856
6.1000004,196,29140.270724
2.0999994,214,29143.90428
2.1,148,29249.968319
1.0999998,100,29252.151093
4.1000004,143,29255.144827
3.1,133,29257.732146
4.100001,211,29261.230468
5.100001,151,29264.080339
8.099997,422,29270.03056
-0.9,47,29271.629921
4.100001,427,29277.554726
1.0999999,37,29279.182951
5.1000004,159,29282.079341
2.1,159,29391.036107
5.1000004,149,29393.728573
2.0999997,163,29396.899419
4.100001,296,29401.265613
1.0999999,187,29405.09802
3.0999997,149,29408.322411
6.1000004,305,29412.970332
3.1,173,29416.136909
3.1000001,176,29419.117265
4.1000004,143,29421.904362
2.1,144,29424.548936
4.100001,218,29532.091483
4.100001,177,29535.170723
4.100001,238,29539.047698
3.1000001,154,29542.030267
1.0999999,191,29545.242241
6.1000004,199,29548.687693
5.1000004,225,29552.305609
1.1000001,51,29554.110425
3.0999997,173,29557.365685
3.1,159,29560.224971
0.10000007,296,29564.505248
-0.9,33,29566.127677
3.0999997,192,29673.304134
0.100000046,206,29676.886069
6.100001,426,29682.940588
5.1,241,29686.976918
2.0999997,153,29690.009107
-0.9,36,29691.674073
0.100000024,150,29694.577187
4.100001,171,29697.658005
3.0999997,137,29700.4295
1.0999998,120,29702.808918
7.100001,419,29812.43118
4.100001,245,29816.438005
4.100001,164,29819.481768
2.0999997,152,29822.204182
1.0999998,184,29825.52369
4.100001,140,29828.271952
2.0999997,177,29831.437926
-0.9,36,29832.942054
3.1,272,29837.127698
5.1,143,29839.703067
3.1,145,29842.453901
0.10000001,150,29845.413289
3.0999997,105,29952.793274
2.1,194,29956.124037
5.1000004,239,29960.014997
2.0999997,229,29963.733205
4.1000004,194,29967.150215
0.10000004,161,29970.148306
4.1,203,29973.562902
1.0999999,148,29976.367968
1.1,71,29978.502016
3.1,182,29981.489908
4.100001,249,29985.490074
2.1,138,29988.20965
6.1,298,30097.023067
1.1,155,30100.018021
3.1,164,30102.819657
5.1000004,230,30106.663178
1.0999999,147,30109.527345
2.0999997,213,30113.040252
4.100001,370,30118.356017
4.100001,194,30121.748224
4.1,157,30124.711366
3.0999997,106,30127.211238
5.100001,287,30234.199477
1.0999998,211,30237.840812
3.1,169,30240.831335
2.0999992,202,30244.228667
1.0999999,131,30246.828429
5.1,157,30249.74593
1.0999998,328,30254.410748
6.100001,426,30260.135966
4.100001,165,30263.104024
4.100001,248,30369.619477
0.100000024,87,30371.769491
3.0999997,154,30374.710958
1.0999998,148,30377.458569
7.100001,216,30381.076092
5.1,145,30383.891574
4.1000004,230,30387.595589
3.1,226,30391.314799
1.1,103,30393.730999
0.100000024,40,30395.427193
1.0999998,98,30397.770223
1.0999999,177,30401.048297
1.0999999,147,30403.745093
2.0999997,196,30509.709678
3.0999997,226,30513.243332
4.1000004,138,30516.67158
2.1,176,30519.763487
3.1,144,30522.440882
4.1,137,30525.052018
0.100000024,55,30527.008456
2.1,185,30530.164141
3.0999992,234,30534.085804
4.1,168,30537.283276
4.1000004,193,30540.547222
0.100000046,145,30543.281709
5.1,161,30650.677036
1.0999999,189,30653.938457
4.1000004,168,30656.943779
1.0999998,244,30660.819475
5.100001,212,30664.383895
4.100001,146,30667.188458
1.0999999,184,30670.330297
4.1000004,249,30674.268178
3.0999994,180,30677.39918
0.100000046,42,30679.029209
4.1000004,162,30681.874326
3.0999997,274,30788.798876
3.0999997,152,30791.911971
3.1,193,30795.027502
4.1000004,188,30798.463642
5.1000004,185,30801.753181
1.0999999,196,30805.010273
2.1,105,30807.632498
5.100001,162,30810.598825
3.1,170,30813.628247
3.1,169,30816.638849
1.0999998,174,30819.785745
0.10000001,226,30823.381269
1.0999999,156,30928.207648
0.10000007,147,30930.893476
3.1,177,30934.105577
2.1,174,30937.149311
1.0999998,94,30939.420476
3.0999994,200,30942.737154
-0.9,16,30944.16443
3.1,174,30947.487126
3.1,205,30950.949557
2.1,160,30953.782124
2.1,184,30957.029138
3.1,169,30960.14952
4.1,182,30963.191723
5.0999994,231,31070.113739
4.1000004,160,31073.02243
4.100001,141,31075.828475
0.10000013,201,31079.16295
2.1,197,31082.60485
2.0999997,118,31085.088697
1.0999998,107,31087.639722
4.1,137,31090.199263
1.0999999,152,31093.088402
3.0999997,127,31095.584837
7.100001,296,31100.020356
3.1,195,31103.51398
4.100001,141,31212.274899
5.1000004,231,31215.918607
6.1000004,151,31218.79281
3.0999997,219,31222.473202
6.1000004,207,31225.978939
4.1000004,258,31230.099748
3.1,183,31233.134334
2.0999997,193,31236.482406
3.1,161,31239.365683
4.100001,223,31242.911698
4.1,182,31350.016651
3.1,243,31353.852695
2.0999997,83,31356.212852
2.1,193,31359.604164
3.1,139,31362.469001
4.1000004,199,31365.732511
0.10000001,142,31368.666203
4.100001,145,31371.326797
1.0999998,180,31374.577694
2.1,139,31377.492806
2.1,157,31380.331094
2.0999997,76,31382.475896
3.1,206,31385.825241
3.1,138,31491.527624
8.099999,405,31497.174063
5.1,199,31500.459159
2.1,176,31503.636896
0.100000024,246,31507.619695
5.1000004,160,31510.534882
3.0999997,265,31514.591764
4.1000004,426,31520.319544
3.1,174,31625.574979
3.1,162,31629.079173
3.1,174,31632.312413
0.10000001,145,31634.991044
6.1000004,168,31638.150887
3.1,209,31641.47823
5.1000004,195,31644.91085
5.1000004,151,31647.727635
2.1,156,31650.615505
4.0999994,203,31654.122255
7.100001,236,31658.046166
5.100001,288,31765.117791
4.100001,191,31768.493196
3.1,145,31771.242173
2.0999997,163,31774.123042
2.1,225,31777.925984
3.1,168,31780.909027
3.1,221,31784.64743
3.1,145,31787.439502
5.100001,234,31791.229088
3.1,201,31794.653697
2.0999997,113,31797.079732
4.100001,176,31904.322039
5.100001,201,31907.894277
3.1000004,352,31912.881748
4.100001,157,31915.918166
5.100001,175,31919.112982
1.0999998,225,31922.83425
3.1,214,31926.429998
4.100001,357,31931.61667
1.1,145,31934.345483
4.100001,191,31937.82089
2.1,222,32050.453403
4.1000004,150,32053.103248
2.0999997,180,32056.309326
4.100001,175,32059.414622
4.1000004,242,32063.376048
5.1000004,274,32067.723245
2.0999997,149,32070.640008
5.100001,203,32074.126241
2.0999994,171,32077.184635
0.10000013,186,32080.569093
4.100001,192,32185.614758
1.0999999,156,32188.575783
3.1,201,32192.007115
4.1000004,211,32195.467974
3.1,139,32198.095563
-0.9,52,32199.801542
6.100001,184,32203.02544
4.1000004,253,32206.849822
1.0999998,416,32212.614538
4.1000004,233,32216.352954
2.0999997,137,32323.045099
1.0999999,142,32325.894578
1.0999998,263,32330.140563
6.1000004,170,32333.024553
7.1000004,171,32336.164386
3.0999997,174,32339.401702
1.0999998,156,32342.44933
2.1,205,32345.983853
3.1,71,32348.013562
4.1000004,154,32350.715096
4.1,165,32353.671784
1.0999998,185,32356.868389
4.100001,246,32463.7881
4.1000004,184,32466.802374
1.0999999,164,32469.933414
4.100001,164,32472.918716
5.1000004,190,32476.060552
6.1000004,170,32479.170295
3.0999997,212,32482.51201
3.1,150,32485.397649
4.1000004,130,32487.961673
1.1,129,32490.646177
-0.9,15,32492.078887
3.0999997,145,32494.782982
2.1,217,32498.399193
5.100001,212,32606.009665
3.1,219,32609.608784
1.1,134,32612.328736
3.0999997,161,32615.181843
3.0999997,220,32619.040962
4.100001,151,32621.880859
3.0999997,243,32625.523227
3.0999997,244,32629.570012
1.0999998,107,32632.035097
3.1,165,32634.889339
0.10000004,75,32637.165883
1.0999999,183,32640.601654
3.1,154,32746.603722
4.1000004,211,32750.493823
3.1000001,295,32754.77466
6.1,180,32758.164464
2.0999997,173,32761.110275
3.1,157,32764.004919
6.100001,195,32767.312367
2.1,214,32770.928248
4.100001,153,32773.773945
3.0999997,161,32776.758146
4.100001,169,32780.112458
2.1,195,32893.338303
3.1,139,32896.106697
3.0999997,211,32899.812749
2.0999997,173,32902.758741
3.1,149,32905.608371
4.100001,153,32908.571435
2.0999997,177,32911.724683
4.0999994,161,32914.704678
4.1000004,192,32917.927959
3.1,137,32920.732939
4.1,173,32924.791896
0.10000007,162,32927.935983
2.0999994,166,33036.126487
1.0999999,42,33037.970331
0.10000005,204,33041.393645
4.1000004,194,33044.698065
6.100001,214,33048.173148
3.0999997,184,33051.456472
1.0999998,210,33054.916846
2.1,200,33058.454683
2.0999994,225,33062.383405
4.100001,151,33065.280856
1.0999999,153,33068.16006
4.100001,169,33173.229117
4.1000004,168,33176.492687
4.100001,148,33179.482826
2.099999,243,33183.369646
2.0999997,38,33185.039346
6.100001,221,33188.845105
3.0999997,229,33192.580757
-0.9,42,33194.250189
0.100000024,38,33195.926664
2.0999997,210,33199.584505
2.0999997,237,33203.362187
6.100001,176,33206.327334
2.0999997,196,33209.948755
0.10000007,169,33315.721061
3.0999997,193,33319.220439
3.1,186,33322.340353
5.1000004,187,33325.5195
3.1,143,33328.62853
4.1000004,293,33332.783198
2.0999997,159,33335.81034
4.100001,261,33339.875933
2.0999994,192,33343.10547
4.100001,162,33346.151158
4.0999994,195,33453.300996
0.10000004,175,33456.896938
3.0999997,148,33460.205981
2.1,38,33462.072035
0.10000001,41,33463.815302
4.1000004,143,33466.748939
3.1,147,33469.784749
3.1,174,33473.212559
1.0999998,168,33476.321231
3.0999994,171,33479.806643
3.1,151,33482.815994
0.10000007,117,33485.415974
5.1000004,176,33488.748351
3.0999997,167,33491.881666
5.100001,187,33495.316314
2.1,147,33601.761279
2.1,224,33606.064977
4.1000004,176,33609.610419
6.100001,218,33613.305826
3.0999994,178,33616.569836
1.0999998,115,33619.085753
4.100001,212,33622.647705
3.0999997,203,33626.026973
3.0999997,187,33629.240338
-0.9,53,33630.958517
4.100001,160,33633.956803
3.0999994,130,33636.478496
3.1,140,33744.767943
4.1,103,33747.321553
4.100001,172,33750.989043
3.0999997,163,33753.925393
3.1,167,33757.190572
4.100001,151,33760.372516
2.0999994,156,33763.489681
5.1000004,210,33767.16528
0.10000003,219,33770.991675
1.1,170,33774.354073
2.1,191,33777.927761
2.0999997,128,33780.80337
5.100001,154,33783.836931
3.0999997,145,33891.230329
5.1000004,145,33893.91874
2.1,132,33896.678642
1.0999999,150,33899.695531
-0.9,17,33901.115284
1.0999998,173,33904.203978
2.1000004,297,33908.791742
2.0999997,178,33911.95643
3.1,137,33914.563588
5.100001,154,33917.514265
5.1000004,145,33920.430476
3.1000001,163,33923.477355
5.100001,180,33926.583997
4.100001,154,34031.584691
2.0999997,163,34034.609516
4.100001,175,34037.848108
1.0999999,156,34040.934398
3.0999997,174,34044.197887
5.100001,179,34047.614223
3.0999997,178,34051.054316
1.0999999,170,34054.17135
6.100001,187,34057.54947
3.0999997,131,34060.715069
3.0999997,210,34064.424916
2.0999994,186,34067.775958
4.1000004,187,34178.660135
2.1,151,34181.581189
4.1000004,197,34185.136213
2.0999997,181,34188.337021
6.1000004,160,34191.317052
3.0999997,234,34194.985177
4.100001,172,34198.070322
3.1,237,34201.857985
1.0999998,115,34205.112386
3.1,165,34208.21988
3.1000009,429,34317.083452
1.0999998,109,34319.528201
5.1000004,258,34323.750401
7.1000004,215,34327.505791
5.100001,147,34330.558356
6.1000004,191,34334.198629
3.1,171,34337.303579
7.100001,270,34342.080753
2.1,161,34345.103073
2.0999997,178,34348.485181
2.1,169,34351.731444
3.0999997,157,34459.548555
5.100001,348,34464.430738
0.10000001,183,34467.56911
4.1000004,196,34471.108943
3.0999997,191,34474.48218
5.1000004,232,34478.104228
4.100001,149,34481.086425
3.0999997,170,34484.270734
0.1,52,34486.127759
5.100001,152,34488.932115
6.1000004,163,34492.130406
4.100001,169,34598.303913
4.100001,190,34601.924709
3.0999994,183,34605.31057
2.1,181,34608.745202
5.100001,165,34612.275177
2.1,204,34615.816379
3.1,157,34619.416484
2.1,170,34622.818996
4.1000004,144,34626.018053
4.1000004,168,34629.809529
2.0999997,153,34633.176322
3.0999994,185,34637.004044
4.1,182,34752.271048
4.1000004,167,34755.382189
4.100001,411,34761.266637
4.100001,159,34764.411446
4.100001,179,34767.641142
0.10000004,71,34769.599758
-0.9,36,34771.349284
3.0999997,145,34773.930805
6.1,168,34777.060467
3.0999997,131,34779.615241
0.10000007,126,34782.220731
2.1,185,34785.521451
5.1000004,235,34894.494099
2.0999997,183,34897.6982
2.0999997,130,34900.345247
1.0999999,155,34903.346163
4.1000004,134,34905.901567
5.100001,188,34909.303718
6.100001,181,34912.5797
5.100001,232,34916.030104
4.1000004,179,34919.211985
3.0999997,199,34922.800259
4.100001,150,34925.826002
4.100001,206,34931.412248
7.1000004,202,35042.360492
3.1,164,35045.279086
2.0999997,163,35048.239107
7.100001,385,35053.951507
1.0999998,148,35056.835747
1.0999999,145,35059.618516
1.0999999,148,35062.431518
3.0999997,162,35065.262203
3.0999997,166,35068.447342
1.0999998,86,35070.626727
4.0999994,188,35073.835079
3.1,158,35179.187167
8.1,195,35182.568217
0.10000007,77,35184.655182
4.100001,172,35187.639341
5.100001,214,35191.311093
2.0999994,144,35194.102844
2.1,154,35196.892458
4.100001,167,35199.942404
1.0999998,208,35203.173544
3.0999997,156,35206.181773
4.100001,304,35210.737145
3.1000001,245,35322.764874
0.10000001,41,35324.507725
2.0999997,250,35328.670499
3.0999994,157,35332.473134
7.1000004,231,35336.274445
2.1,210,35339.766966
3.0999997,144,35342.510355
3.0999997,208,35345.977329
6.100001,223,35349.523678
6.100001,247,35353.933057
5.1000004,167,35356.931015
5.100001,204,35464.126769
4.1000004,156,35467.189129
1.0999999,173,35470.278008
-0.9,45,35472.082901
5.100001,209,35475.396233
4.1,191,35478.60416
6.100001,156,35481.675494
6.100001,204,35485.123998
3.1,177,35488.254364
4.1000004,164,35491.771464
2.0999992,230,35495.479728
2.0999997,166,35498.444453
5.100001,186,35609.868903
2.1,159,35612.914817
2.0999997,156,35615.617298
1.0999999,38,35617.266357
4.1,255,35621.285242
5.1000004,155,35624.251782
3.1,177,35627.377111
4.100001,156,35630.382729
5.1000004,173,35633.336907
4.100001,160,35636.318974
1.0999999,54,35638.103347
2.0999997,165,35641.239216
4.1000004,191,35644.541032
1.0999998,61,35646.340136
2.1,132,35752.987371
3.0999997,177,35756.063001
4.100001,223,35759.920138
3.0999997,178,35763.15302
6.1000004,190,35766.295049
4.1000004,191,35769.502423
5.100001,265,35773.702207
3.1,133,35776.250128
2.1,152,35779.033918
5.100001,169,35782.34853
4.100001,166,35785.351315
5.100001,183,35896.097415
3.1,205,35899.950667
4.1000004,162,35903.148402
4.100001,179,35906.518362
4.1000004,175,35909.663871
3.1,154,35912.770769
3.1,178,35915.795264
5.1000004,189,35919.025903
4.1000004,191,35922.581392
3.1,153,35925.312849
3.1,205,35928.785046
7.1000004,190,35932.487291
3.0999994,141,36040.421677
5.1000004,241,36044.302516
2.1,142,36046.969101
0.10000005,35,36048.589294
1.0999999,195,36052.060688
5.100001,233,36055.808348
5.1000004,209,36059.058556
3.1,191,36062.547358
5.100001,227,36066.360663
3.1,156,36069.207412
4.100001,167,36072.255277
4.100001,163,36181.005785
2.0999994,124,36184.057864
5.1000004,234,36188.085552
4.100001,191,36191.592376
2.1,138,36194.529356
3.0999997,175,36197.660636
4.0999994,191,36201.373819
1.0999998,160,36204.548883
7.100001,190,36208.197029
4.1,186,36211.651713
4.100001,182,36214.785111
2.1,176,36217.761442
4.1000004,203,36323.187452
5.1000004,142,36325.787212
4.1000004,155,36328.589335
3.0999997,88,36330.91892
3.1,67,36332.804707
2.1,154,36335.627975
3.1,225,36339.159714
4.1000004,173,36342.357634
0.10000001,40,36343.903719
4.100001,156,36346.750533
2.1,139,36349.269172
4.1000004,182,36352.616096
4.100001,175,36355.617247
1.0999999,165,36358.585892
4.1,195,36466.798879
2.1,148,36469.835246
3.1,138,36472.820239
4.100001,200,36476.407614
5.1000004,173,36479.756511
3.1,175,36483.030885
5.1000004,272,36487.407311
3.1,133,36490.23523
2.0999997,182,36493.647305
1.0999998,180,36497.119548
1.0999999,157,36500.20814
5.1000004,157,36607.878855
3.1,152,36611.10558
3.1,160,36614.026291
3.1,148,36616.68998
4.1000004,169,36619.75339
2.1,153,36622.659603
3.1,213,36626.219236
4.1,178,36629.45196
2.1,200,36632.845538
4.1000004,159,36635.778609
3.0999994,153,36638.642004
5.1000004,189,36641.932144
1.0999998,254,36748.260897
1.0999999,139,36750.979698
5.100001,228,36755.099187
2.1,244,36759.228615
3.1,110,36762.06522
5.1000004,166,36765.415508
4.1000004,177,36768.73021
2.1,280,36773.094871
5.100001,180,36776.674497
3.0999997,150,36779.840865
2.1,138,36782.721632
4.100001,170,36890.179816
3.0999997,153,36893.071854
6.1000004,184,36896.260184
0.1,69,36898.217838
2.0999997,189,36901.691921
6.100001,184,36904.804189
1.0999999,159,36907.748551
3.1,143,36910.452775
4.1000004,183,36913.789562
2.1,213,36917.265294
4.100001,192,36920.437998
4.1000004,262,36924.718914
6.100001,198,37032.199591
5.100001,137,37035.173692
4.1000004,149,37038.189486
1.0999998,177,37041.488439
7.100001,201,37045.296713
2.0999997,112,37047.790183
5.100001,179,37051.166865
3.0999994,164,37054.413267
4.100001,192,37057.942715
6.100001,298,37062.934052
6.100001,165,37066.09917
2.0999997,198,37175.051178
2.0999997,175,37178.272783
5.100001,209,37181.963339
4.100001,165,37185.064921
5.100001,233,37188.828413
3.0999997,154,37191.83602
3.0999997,153,37194.582067
3.0999997,158,37197.559315
4.100001,160,37200.380473
1.0999998,182,37204.43072
5.100001,216,37208.338959
3.1,39,37210.004878
5.100001,181,37213.374594
3.0999997,166,37319.330219
5.100001,200,37322.867354
5.100001,155,37326.294149
0.10000005,31,37327.940805
5.100001,176,37331.492156
1.0999999,147,37334.397688
3.1,173,37337.577569
3.0999997,167,37341.256442
3.0999997,153,37344.100673
3.0999997,49,37345.956032
3.0999997,220,37349.694017
4.100001,256,37354.227151
4.100001,171,37463.930745
-0.9,58,37465.887473
5.100001,220,37469.464308
0.100000024,37,37471.216616
3.0999997,176,37474.254947
4.100001,182,37477.411768
6.100001,170,37480.471906
3.1,175,37483.799003
1.0999998,178,37486.976809
4.1000004,193,37490.251276
5.1,178,37493.543735
0.10000007,31,37495.123883
4.100001,197,37498.515625
6.100001,329,37605.782736
3.1,159,37608.68374
2.0999997,74,37610.675102
2.0999994,202,37614.247655
5.1000004,201,37617.5756
2.1,134,37620.34588
4.100001,159,37623.382631
4.100001,179,37626.912561
3.0999997,172,37630.121319
6.100001,417,37636.207079
4.100001,227,37640.040655
4.1000004,168,37750.356012
5.100001,220,37754.14589
3.0999997,145,37756.85787
4.100001,213,37760.366788
4.100001,157,37763.474936
2.0999994,62,37765.353963
3.0999994,206,37768.866377
4.1,136,37771.591328
3.0999997,166,37774.645432
2.0999997,155,37777.429222
3.0999997,208,37780.892444
3.0999994,232,37784.822318
6.100001,181,37893.018538
3.0999994,165,37896.108528
3.1,154,37898.917429
1.0999999,154,37901.813856
4.1,173,37904.741485
6.1000004,194,37907.961871
3.0999997,156,37910.681567
3.1,212,37914.41664
1.0999998,149,37917.261562
5.1000004,171,37920.249929
5.1000004,179,37923.762001
5.100001,189,38034.392561
5.100001,162,38037.317036
5.100001,197,38040.651517
5.100001,168,38043.865532
6.1000004,192,38047.318004
5.100001,407,38052.905053
5.100001,163,38055.738177
6.1000004,172,38058.818297
3.0999994,156,38061.789246
4.100001,170,38065.050323
2.0999997,148,38067.973149
4.100001,180,38174.18625
0.10000001,226,38177.822428
2.1,141,38180.563418
3.1000001,287,38185.031057
3.0999997,187,38188.216772
1.0999999,173,38191.240082
3.0999992,161,38194.250616
1.0999998,198,38197.556697
3.1,126,38200.231882
1.0999998,150,38203.015907
3.0999997,162,38206.283104
2.0999997,172,38318.633754
3.1,135,38321.517569
2.1,209,38325.210404
4.1000004,204,38328.699145
3.1,125,38331.132433
6.100001,203,38334.760394
3.0999997,141,38338.101778
2.1,162,38341.849619
2.0999997,206,38345.41894
1.0999998,231,38349.684014
1.0999998,169,38352.756703
3.1,181,38355.982172
3.0999997,192,38465.456874
5.100001,199,38469.010095
2.0999994,197,38472.331374
0.100000076,248,38476.228942
4.1000004,134,38478.923534
4.1000004,185,38482.097698
2.0999997,165,38485.188393
4.1000004,158,38487.95647
0.10000007,38,38489.71727
6.100001,197,38492.940566
5.1,160,38495.942641
3.1,164,38498.744347
2.1,228,38612.756997
4.100001,154,38615.738482
2.0999997,177,38618.869037
6.1000004,199,38622.387244
3.0999997,171,38625.505528
3.0999997,172,38628.430916
5.1000004,137,38631.183756
2.0999994,165,38634.353755
3.0999994,133,38637.127733
4.1000004,164,38640.017846
5.1000004,152,38643.03971
4.100001,195,38646.183554
5.1000004,185,38752.317619
3.0999994,137,38754.916607
1.0999999,65,38756.862725
4.1000004,147,38759.800544
3.0999997,185,38763.115069
3.1,139,38765.744289
-0.9,43,38767.393685
1.0999998,182,38770.569295
4.1,142,38773.356723
3.0999997,199,38776.629581
7.100001,196,38780.061953
3.0999997,151,38782.882588
2.1,236,38786.633428
2.1,156,38896.712752
3.1,190,38900.201202
5.100001,145,38903.256169
3.1,190,38906.738497
2.0999997,209,38910.364853
1.0999999,166,38913.285618
5.1000004,206,38916.824701
4.100001,173,38920.010989
3.0999994,144,38922.788913
4.1,163,38925.827747
3.0999997,158,38928.927092
1.0999999,36,38930.623203
5.100001,249,39039.173358
2.1,145,39041.798458
3.0999997,150,39044.951905
3.0999997,203,39048.385658
5.1000004,153,39051.142829
4.1000004,176,39054.492905
5.1000004,160,39057.387016
2.1,227,39061.088572
4.1000004,188,39064.519368
5.100001,164,39067.486085
2.0999997,155,39070.274935
1.0999999,195,39073.704901
0.099999964,32,39075.242929
0.10000007,171,39187.25049
3.1,168,39190.355913
3.1,195,39193.988639
4.100001,211,39197.707983
4.1000004,139,39200.704124
0.10000003,64,39202.825563
3.1,194,39206.412308
1.0999998,140,39209.180222
4.100001,223,39212.89833
5.100001,202,39216.364971
1.0999999,147,39219.043362
3.1,244,39223.349769
4.1000004,173,39329.692317
6.100001,213,39333.537522
3.0999997,196,39336.890681
3.1,160,39339.796012
3.1,160,39342.866838
3.1,160,39345.608745
2.1,168,39348.834163
5.100001,165,39351.846073
2.1,185,39355.064895
5.1000004,189,39358.269545
0.099999964,159,39361.151626
6.100001,175,39468.003474
3.1,182,39471.265021
-0.9,40,39473.061682
0.10000005,35,39474.855526
2.0999997,143,39477.520734
6.100001,202,39481.106861
3.0999997,176,39484.536767
3.1,79,39486.721884
4.1,141,39489.45088
2.0999997,186,39492.999499
2.0999997,72,39495.059713
1.0999999,54,39496.929272
2.0999997,99,39499.43111
3.1,143,39502.428095
1.0999999,171,39506.057142
4.1000004,171,39509.424855
3.0999997,218,39616.765105
3.1000001,255,39620.791719
0.100000046,156,39623.730023
6.100001,228,39627.457935
4.1000004,203,39630.752133
7.1000004,188,39633.998244
3.0999997,136,39636.644577
0.10000005,188,39640.045988
6.100001,163,39642.916058
3.0999997,217,39646.49868
5.100001,210,39649.888487
3.1,217,39758.619296
2.1,218,39762.488327
4.1000004,155,39765.753824
7.100001,179,39769.091957
3.0999997,170,39772.423613
5.100001,149,39775.538519
0.10000004,90,39777.775864
3.0999997,162,39780.785542
3.1,139,39783.790561
4.100001,106,39786.182274
1.0999999,174,39789.57996
3.0999994,172,39792.727666
3.1,217,39900.157137
3.1,175,39903.199586
-0.9,40,39905.024751
4.1000004,195,39908.570985
3.1,201,39912.273216
0.10000007,201,39916.662955
4.1000004,199,39919.994348
1.0999999,205,39923.38735
3.1,185,39926.759725
5.1000004,137,39929.40034
5.1,160,39932.41003
1.0999998,166,39935.551744
0.10000007,40,39937.249751
3.0999997,162,40044.088153
6.1,158,40047.091223
4.100001,208,40050.897026
4.1000004,177,40054.365288
2.1000001,163,40057.559158
3.0999997,149,40060.641614
5.100001,188,40064.376735
4.1000004,188,40067.914044
3.1,197,40071.423201
3.1,207,40075.326401
3.1,133,40078.029782
1.0999998,285,40188.307788
3.0999997,99,40190.483477
6.1000004,210,40194.106018
2.1,242,40197.938669
1.1,91,40200.074536
1.0999999,175,40203.815416
6.100001,242,40208.271686
4.1000004,175,40211.741122
3.1,175,40215.021637
0.10000003,250,40218.882772
2.1,199,40222.148748
3.1,214,40328.541213
3.1,153,40331.775022
4.1000004,214,40335.952594
4.1000004,160,40339.296138
3.0999994,196,40342.838213
3.0999997,165,40346.323002
5.1000004,167,40349.563361
4.1000004,109,40352.106307
4.1000004,258,40356.594853
0.100000024,87,40358.793572
3.1,143,40361.679934
4.1000004,170,40365.168769
4.1000004,176,40473.856154
3.1,213,40477.499053
3.0999994,152,40480.418265
1.0999999,179,40483.750772
4.1000004,189,40486.936577
3.0999997,212,40490.351076
6.1000004,165,40493.505909
0.099999994,196,40496.6692
1.0999999,163,40499.557788
2.1,181,40502.638026
3.0999994,140,40505.32849
3.1,158,40508.327156
5.100001,178,40613.610442
1.0999998,115,40616.102986
3.0999997,172,40619.301815
2.1,153,40622.199081
4.1000004,179,40625.639599
0.10000007,181,40629.191964
2.1000001,300,40634.008946
6.100001,228,40637.935089
5.100001,213,40641.488331
2.1,142,40644.628059
3.1,158,40647.831375
2.1,191,40759.302927
2.0999997,164,40762.312478
2.1,222,40765.946707
5.1000004,142,40768.7852
1.0999999,171,40771.681432
5.1000004,259,40775.902661
-0.9,36,40777.501725
3.1,130,40780.178361
6.1000004,181,40783.454499
5.1000004,190,40786.761339
3.1,213,40790.288342
6.100001,214,40897.294529
2.1,130,40900.350322
0.10000001,54,40902.151345
4.100001,199,40905.774972
3.1,205,40909.080902
2.1,166,40912.191957
2.0999994,145,40914.946748
3.1,175,40918.249373
3.0999997,176,40921.390702
4.1000004,181,40924.656656
5.100001,211,40928.420681
4.1,194,40931.985126
3.1,180,40935.298656
3.1,169,41044.593401
-0.9,35,41046.295267
2.0999994,188,41049.338353
2.1,163,41052.513699
10.099997,395,41058.140985
3.1,157,41060.986033
4.1000004,180,41064.246195
3.1,133,41066.914555
8.1,165,41069.971689
5.1000004,164,41072.8035
6.1000004,208,41076.545302
1.0999998,166,41182.828447
4.1000004,245,41187.079218
4.1000004,167,41190.033313
5.1000004,188,41193.092718
5.100001,190,41196.57963
6.1000004,225,41200.183213
3.0999997,185,41203.178334
4.100001,222,41207.038843
4.1000004,141,41209.60625
4.1000004,147,41212.407315
0.10000001,35,41214.078675
-0.9,38,41215.747476
3.1,180,41218.905217
-0.9,54,41328.510949
3.1,211,41332.05728
5.100001,153,41334.954519
3.0999997,136,41337.727421
4.0999994,207,41341.048792
5.1000004,141,41343.775625
2.1,143,41346.632206
2.1,204,41350.763621
5.1000004,225,41354.614072
5.1000004,185,41357.896513
5.100001,425,41467.771417
3.0999997,163,41470.946168
3.1,137,41473.598828
3.1,142,41476.357663
2.0999997,197,41479.723088
2.0999997,164,41482.978089
3.1,205,41486.698951
2.1,190,41489.968278
1.0999998,163,41492.87697
4.1000004,142,41495.564678
2.1,189,41498.821972
4.1,178,41501.740533
4.100001,206,41611.252519
3.1,181,41614.486875
5.100001,206,41618.015307
5.1000004,187,41621.240787
2.0999997,163,41624.006306
6.1000004,314,41628.874812
3.0999997,166,41632.15583
2.1,133,41634.748538
3.0999994,139,41637.547302
3.0999997,165,41640.47319
4.1000004,319,41645.357821
3.1,133,41751.763262
4.1000004,171,41754.791888
3.1,146,41757.58074
4.100001,129,41760.144521
7.1000004,177,41763.246766
3.1,172,41766.278442
2.0999997,203,41769.603404
5.1000004,144,41772.392034
2.1,160,41775.270881
4.1,157,41778.215701
4.100001,183,41781.308823
1.0999998,158,41784.194087
1.0999998,198,41897.819598
0.1,71,41900.116066
2.1,232,41904.054542
3.0999997,177,41907.454526
7.100001,168,41910.61939
4.1000004,138,41913.257313
2.1,164,41916.486036
3.1,179,41919.633009
5.100001,166,41922.567171
3.1000001,264,41926.713997
2.0999997,199,41930.065247
4.100001,220,41933.83639
3.1,183,42045.77848
5.1000004,190,42049.017011
4.100001,180,42052.267195
2.1,252,42056.463808
3.0999997,222,42060.110376
4.100001,162,42062.963875
2.0999997,175,42066.181581
-0.9,53,42067.895451
3.1,216,42071.431913
3.0999997,171,42074.253132
4.100001,170,42077.371534
4.1000004,172,42184.222835
3.0999997,173,42188.856648
4.100001,144,42192.27909
4.100001,107,42194.881623
6.100001,211,42198.52754
2.0999992,219,42202.354933
2.1,265,42207.016016
0.10000007,55,42209.034684
3.0999994,69,42210.85793
4.1000004,141,42213.409622
2.1000001,141,42216.340398
1.0999998,398,42221.667322
3.0999997,184,42325.712751
3.1,211,42329.188802
5.1000004,189,42332.216926
0.10000001,38,42333.923004
5.1000004,166,42336.770538
5.100001,202,42340.181786
5.100001,163,42342.967916
1.0999998,226,42346.77319
4.1000004,145,42349.560601
5.100001,191,42352.609151
0.10000001,38,42354.191589
3.1000009,423,42463.841743
2.1,145,42466.989025
6.100001,164,42470.296593
3.1,52,42472.049795
6.1000004,236,42476.354756
2.1,165,42479.562976
2.1,158,42482.558952
4.100001,215,42486.548992
3.1,208,42490.220441
3.0999997,178,42493.438749
4.100001,175,42496.955001
3.0999994,197,42500.56012
1.0999999,169,42608.110333
1.0999998,196,42611.735002
2.0999994,178,42614.690001
2.1,142,42617.676942
2.1,192,42620.843425
2.1,256,42624.76194
4.100001,169,42627.960931
2.1,220,42631.698805
1.0999998,185,42634.775865
2.1,151,42637.763353
4.1000004,259,42641.845915
5.100001,254,42748.559142
5.100001,171,42751.905638
2.1,179,42755.246983
-0.90000004,38,42757.03167
4.100001,280,42761.590225
4.1,150,42764.457768
1.0999999,40,42766.386476
4.100001,149,42769.427827
1.0999998,189,42772.991656
6.100001,175,42776.21173
4.1000004,179,42779.592456
1.0999998,107,42782.02344
4.100001,121,42784.83077
3.0999994,111,42891.636465
4.100001,163,42894.725577
4.1000004,177,42897.918759
5.1000004,156,42900.731457
2.1,159,42903.455504
4.1000004,143,42906.36987
1.1,88,42908.495706
4.0999994,149,42911.155912
2.0999997,175,42914.549002
2.1,187,42917.925202
6.1000004,194,42921.254295
4.1000004,147,42923.860866
3.1,309,43031.608508
6.1000004,147,43034.446545
1.0999998,233,43038.498806
3.1,147,43041.312647
2.1,143,43044.129136
2.1,195,43048.117459
3.0999994,249,43052.307961
2.0999997,151,43055.18151
4.100001,173,43058.891115
4.1000004,176,43062.01393
4.1000004,162,43065.309895
3.1,145,43068.437024
3.1,146,43175.14089
4.100001,184,43178.290219
6.100001,211,43182.000181
4.1000004,168,43185.51303
3.099999,195,43188.753414
3.1,166,43191.901231
5.100001,396,43197.711305
1.0999999,251,43201.819446
4.100001,198,43206.060485
4.1000004,86,43208.223471
2.1,195,43319.025773
4.099999,198,43322.453905
2.0999997,197,43326.01517
5.1000004,164,43329.34146
3.1,169,43332.52243
2.1,108,43335.157936
4.100001,172,43338.660902
5.1000004,175,43342.10687
6.1000004,214,43346.092229
3.1,139,43348.959822
4.1000004,143,43351.992432
4.1000004,272,43462.587355
2.1,168,43465.518653
3.1,176,43468.819652
2.0999997,230,43472.53215
1.0999999,143,43475.109834
6.1000004,315,43480.091738
3.1,153,43483.228863
4.1000004,142,43485.887215
2.1,144,43488.611549
3.1,174,43491.565088
4.1000004,136,43494.260589
4.1000004,174,43497.416639
4.1,185,43606.60007
3.1,206,43610.228726
4.1000004,146,43612.881614
5.100001,221,43616.711434
2.0999994,171,43619.87214
4.100001,139,43622.485716
2.1,144,43625.363589
4.1,224,43629.469145
6.100001,264,43633.78334
4.100001,258,43638.259911
2.1,131,43641.276709
2.0999994,175,43752.271619
6.100001,206,43756.250635
5.1000004,138,43759.003251
5.1000004,258,43763.136175
6.100001,179,43766.408576
1.0999999,141,43769.088974
3.0999992,166,43772.162014
2.1,144,43774.679455
3.0999997,231,43778.619318
5.100001,186,43781.880843
4.1000004,229,43786.043944
2.0999997,240,43893.934963
2.1,143,43896.795638
3.0999994,187,43899.908627
4.1000004,223,43903.45034
1.0999999,178,43906.741749
3.0999997,156,43909.648903
0.1,162,43912.786525
5.100001,166,43915.579988
5.100001,226,43919.260663
6.100001,172,43922.330615
3.0999997,241,44034.311604
4.100001,167,44037.429698
3.0999997,242,44041.332722
7.1000004,226,44044.873149
3.1,169,44048.166452
3.1,162,44051.087534
1.0999999,138,44053.632693
2.1,139,44056.282974
2.0999997,166,44059.552897
5.1000004,143,44062.521407
3.0999997,162,44065.489574
5.100001,182,44069.072155
3.1,153,44175.603351
3.1,196,44179.266466
3.0999994,129,44181.820961
3.0999997,162,44184.851359
4.1000004,152,44187.783802
1.0999999,144,44190.569248
3.1,135,44193.100177
0.100000024,35,44194.672508
3.0999997,190,44197.978143
1.0999998,217,44201.388369
4.100001,181,44204.363472
5.100001,104,44206.898406
2.1,179,44209.909083
2.1,158,44212.880302
2.0999997,161,44323.51162
2.0999994,197,44327.004128
2.0999997,72,44329.027227
4.1000004,204,44332.382794
3.1,212,44335.841489
2.1,70,44338.043607
2.1,179,44341.073923
2.1,168,44344.075393
1.0999998,132,44346.650259
3.0999997,178,44349.838919
4.1,147,44352.483001
0.10000007,38,44354.241817
3.0999997,180,44357.77398
2.1,186,44465.343185
3.1,181,44469.080274
3.1,201,44472.463243
2.1,185,44475.503451
2.1000001,276,44479.776247
1.0999998,146,44482.583208
4.1000004,220,44486.51775
0.10000015,202,44489.8056
6.1000004,183,44493.088664
5.1000004,231,44496.903306
5.100001,430,44612.521665
4.1000004,153,44615.341094
1.0999998,117,44617.961235
2.1,144,44620.726027
4.1000004,189,44623.907779
4.1000004,184,44627.259182
3.0999997,87,44629.333802
6.100001,165,44632.271164
4.1,225,44635.75596
3.0999997,207,44639.402467
4.1000004,180,44642.720713
3.1,157,44645.533571
5.1000004,178,44754.387503
2.1,181,44757.554733
5.100001,217,44761.185163
3.0999994,182,44764.34614
4.1,180,44767.491504
1.0999999,190,44770.776074
4.100001,184,44774.000861
4.100001,158,44776.833286
4.1000004,199,44780.252499
4.1000004,167,44783.047378
4.1000004,143,44785.858026
5.100001,197,44897.503899
3.1,197,44901.075063
4.1000004,163,44904.505295
3.1,255,44908.795422
4.1000004,183,44912.131083
3.1,143,44914.938328
2.1,229,44918.625612
2.0999997,158,44921.518047
3.0999997,149,44924.313364
2.0999994,176,44927.73063
4.100001,130,44930.538121
5.1,92,44932.596354
2.1,114,45039.378357
2.0999997,190,45042.684291
3.1,191,45045.960944
4.1000004,172,45049.213285
3.0999997,174,45052.348537
7.1000004,208,45056.023614
2.1,133,45058.905438
3.1,155,45061.792375
3.1,248,45065.76387
1.0999998,82,45067.866846
7.1000004,235,45071.738872
3.0999997,141,45074.375202
4.1000004,180,45185.983985
3.1,197,45189.90276
0.10000007,42,45191.504019
5.100001,408,45197.549122
5.1000004,228,45201.494885
1.1,119,45204.297493
4.1000004,201,45207.939576
2.0999997,187,45211.42221
2.1,206,45215.025372
5.1000004,257,45219.204702
3.1,144,45325.844079
4.1000004,154,45328.840725
8.1,221,45332.610217
2.0999994,132,45335.304435
2.0999994,182,45338.67968
1.0999999,155,45341.62143
3.0999997,144,45344.288196
2.1,200,45347.791871
2.1,161,45350.717302
4.1000004,181,45353.919208
4.1000004,183,45357.269951
5.1000004,153,45360.252381
3.1,149,45470.555443
3.1,144,45474.074404
2.1,164,45477.774605
1.0999998,188,45481.202579
0.10000006,207,45484.98753
4.1000004,199,45488.929369
2.1,187,45492.401785
4.1000004,206,45495.989582
0.100000024,35,45497.711313
1.0999998,196,45501.307248
4.1000004,144,45504.308114
2.0999997,156,45507.385935
2.1,173,45510.677676
0.10000007,40,45622.753459
5.100001,145,45625.614262
4.1000004,145,45628.379116
4.100001,378,45633.619858
2.0999997,163,45636.647205
2.0999997,145,45639.546879
3.1,188,45642.851479
3.1,177,45645.955429
2.0999997,182,45649.173581
5.1000004,185,45652.618233
5.1000004,143,45655.437415
6.1000004,192,45764.073274
2.1,188,45767.978949
4.100001,200,45771.593992
2.0999997,167,45774.902948
1.0999998,66,45776.83656
3.0999994,145,45780.142348
4.1000004,213,45783.930334
3.1,199,45787.421505
4.1000004,168,45791.197846
4.1000004,202,45794.947026
3.0999994,125,45797.518858
3.1,180,45801.089853
6.1000004,179,45804.522734
2.1,156,45913.462574
3.0999997,216,45917.171968
5.1000004,180,45920.361411
4.1000004,189,45923.750935
2.0999994,138,45926.438022
3.1,173,45929.655888
4.1000004,209,45933.260076
2.1,170,45936.057637
3.0999997,176,45939.39611
5.1000004,208,45942.931896
2.1,133,45945.499222
4.100001,212,46053.894153
3.0999997,204,46057.352543
0.100000024,40,46059.441214
3.0999997,211,46063.330701
4.100001,426,46069.810248
3.1,184,46073.371754
3.0999994,140,46076.028046
1.0999999,132,46078.940678
3.1,169,46082.065395
4.1000004,89,46084.43401
5.100001,180,46087.908769
2.1,230,46200.357375
5.1000004,170,46203.83216
4.100001,159,46207.050401
1.0999998,178,46210.730151
2.0999994,144,46213.592894
3.1,215,46219.096946
5.1,191,46223.253906
4.1000004,193,46226.611974
4.100001,218,46230.638563
4.1,166,46233.679527
2.0999997,215,46237.290714
3.0999997,187,46344.776877
-0.9,77,46347.119447
4.100001,194,46350.89584
1.0999999,145,46353.761379
1.0999998,104,46356.176992
1.1,202,46359.692842
0.10000007,184,46363.152419
1.0999999,189,46366.603936
4.1000004,141,46369.562064
3.1,86,46371.859151
4.1000004,192,46375.50136
0.10000004,135,46378.350349
2.1,83,46380.473021
2.0999994,140,46383.463843
4.100001,178,46491.533088
4.100001,189,46494.764116
2.0999997,115,46497.33511
1.0999999,147,46500.485213
5.100001,209,46503.69515
1.0999999,171,46506.832484
2.0999997,109,46509.26895
4.1000004,182,46512.449903
-0.9,47,46514.088573
4.100001,154,46517.141416
4.1000004,183,46520.263121
3.0999997,226,46524.236489
3.1,231,46527.959415
3.1,144,46632.840439
3.1,154,46635.951651
4.100001,176,46639.291739
2.1,132,46642.087312
1.0999998,177,46645.3769
2.0999997,187,46648.81015
1.0999998,305,46653.503209
1.0999999,151,46656.620387
5.100001,231,46660.7108
4.100001,235,46664.569042
1.0999999,159,46667.657511
1.0999999,191,46775.96025
4.1000004,169,46778.823293
2.0999997,214,46782.505802
3.0999997,149,46785.195587
3.1,161,46788.089434
3.1,217,46791.971068
3.1,142,46794.470932
2.0999992,222,46798.297837
0.100000046,142,46801.188336
3.0999997,133,46804.274336
0.1,23,46805.745354
2.1,78,46807.768785
3.1,126,46810.514095
5.1000004,149,46914.169944
1.0999999,185,46917.601701
7.1,185,46920.782749
2.0999994,199,46924.259808
5.1000004,152,46927.246585
4.1000004,187,46930.604374
0.10000001,139,46933.592685
3.1,193,46936.825201
3.1000004,416,46943.561603
3.0999997,175,46946.789191
1.0999998,158,46949.824396
2.0999997,223,47056.872547
8.100003,253,47060.885493
3.0999997,165,47063.768708
3.1,229,47067.479017
4.100001,369,47072.672769
2.1,48,47074.204517
2.1,261,47078.130484
4.100001,204,47081.725704
3.0999997,227,47085.39771
5.100001,229,47190.733984
2.1,263,47194.700529
2.1,153,47197.248197
1.0999998,174,47200.48581
5.1000004,149,47203.191885
3.1,214,47206.766848
3.1,161,47209.663994
2.0999997,173,47212.580575
4.1000004,153,47215.620486
3.1,162,47218.422173
2.1,168,47221.547091
4.1000004,174,47333.129943
4.1000004,220,47336.946683
3.1,194,47340.370809
2.1,165,47343.274271
3.0999994,156,47346.107081
3.1,167,47349.384658
2.1,130,47351.906241
1.1,204,47355.387263
1.0999999,161,47358.085352
3.1,229,47361.858842
5.1000004,174,47365.128835
0.10000006,61,47367.247839
4.1000004,202,47472.349725
3.0999997,156,47475.327382
1.0999999,38,47476.889017
4.100001,250,47481.035652
3.0999994,180,47483.961948
4.100001,181,47487.300535
4.1000004,172,47490.527138
4.100001,172,47493.282755
0.100000024,146,47496.050831
4.100001,210,47499.368523
2.0999997,156,47502.496072
1.0999998,173,47505.674881
4.1000004,225,47615.932931
3.0999997,153,47618.760494
3.1000001,286,47623.217981
6.100001,218,47626.750864
2.0999997,199,47630.129791
2.0999997,192,47633.179917
1.0999998,94,47635.518735
2.1,152,47638.320982
4.100001,153,47641.485158
2.0999997,181,47644.384161
1.0999999,179,47647.510803
4.1000004,206,47750.514316
4.1,133,47753.223922
3.1,216,47756.766072
2.0999997,147,47759.659959
2.1,139,47762.415483
4.1,158,47765.36115
2.0999997,211,47768.716004
3.0999997,178,47772.000213
-0.9,43,47773.545556
4.1000004,148,47776.418411
3.0999997,156,47779.073922
5.100001,259,47783.133378
2.1,282,47890.682834
6.1000004,178,47893.795146
2.1,176,47897.105541
3.1000001,277,47901.539376
5.1000004,242,47905.719867
2.1,186,47909.225541
3.0999994,219,47912.847117
5.1000004,196,47916.138035
3.0999997,167,47919.111997
2.1,327,47923.944446
2.1,150,48028.054471
3.0999997,187,48031.225313
2.0999997,190,48034.623548
1.0999998,171,48037.629534
2.1,166,48040.56441
3.0999997,183,48043.755419
4.0999994,153,48046.464164
0.10000003,171,48049.674709
1.0999999,159,48052.557638
5.1000004,429,48058.063802
4.1000004,174,48164.498291
3.1,168,48167.898744
1.0999999,167,48171.089292
3.1,187,48174.447843
5.100001,159,48177.588758
5.1000004,181,48180.855226
2.1,189,48184.395834
0.10000007,133,48187.075396
3.1000006,332,48192.315332
2.1,159,48195.200524
4.100001,235,48199.140437
2.1,116,48302.47744
4.1,178,48305.67926
1.0999998,77,48307.536599
4.100001,175,48310.524506
1.0999998,188,48313.584512
3.0999997,197,48316.86812
2.1000001,251,48320.948658
2.1,141,48323.470047
4.100001,200,48326.795997
2.0999992,204,48330.047221
3.0999997,242,48334.019132
